Region,Time_UTC,T2,Q2,SWDOWN,GLW,WSPD,Temperature_F
ERCOT,6/25/1980 0:00,310.9,0,286.2,423.9,5.5,99.9
ERCOT,6/25/1980 1:00,308.6,0,77.3,418.3,5.2,95.7
ERCOT,6/25/1980 2:00,305.9,0,0.3,409.2,5,90.9
ERCOT,6/25/1980 3:00,304.2,0,0,402.8,5,87.8
ERCOT,6/25/1980 4:00,302.9,0,0,395.2,5,85.5
ERCOT,6/25/1980 5:00,301.8,0,0,389,5,83.7
ERCOT,6/25/1980 6:00,301,0,0,385.4,5,82.1
ERCOT,6/25/1980 7:00,300.1,0,0,380.6,5,80.5
ERCOT,6/25/1980 8:00,299.2,0,0,376.9,5,79
ERCOT,6/25/1980 9:00,298.5,0,0,374.4,4.7,77.6
ERCOT,6/25/1980 10:00,297.9,0,0,373,4.4,76.6
ERCOT,6/25/1980 11:00,297.4,0,0,372.6,4,75.7
ERCOT,6/25/1980 12:00,297.7,0,59.5,373.3,3.9,76.2
ERCOT,6/25/1980 13:00,299.9,0,266.3,377,4.6,80.2
ERCOT,6/25/1980 14:00,302.7,0,493.1,385.2,5.6,85.2
ERCOT,6/25/1980 15:00,305.2,0,662.3,392.1,6.3,89.6
ERCOT,6/25/1980 16:00,307.4,0,842.3,400.9,6.2,93.7
ERCOT,6/25/1980 17:00,309.3,0,968.1,408.4,5.7,97
ERCOT,6/25/1980 18:00,310.7,0,1024.3,414.1,5.2,99.6
ERCOT,6/25/1980 19:00,311.9,0,1028.4,419.9,4.8,101.8
ERCOT,6/25/1980 20:00,312.7,0,963.5,423.8,4.5,103.2
ERCOT,6/25/1980 21:00,313.2,0,864.7,425.3,4.3,104
ERCOT,6/25/1980 22:00,313.2,0,697.1,425.9,4.4,104
ERCOT,6/25/1980 23:00,312.7,0,487.2,425.1,4.6,103.2
ERCOT,6/26/1980 0:00,311.6,0,260.4,422.4,4.7,101.2
ERCOT,6/26/1980 1:00,309.4,0,87.7,418.1,4.5,97.3
ERCOT,6/26/1980 2:00,306,0,0.6,407.4,4.2,91.2
ERCOT,6/26/1980 3:00,304,0,0,396.9,4.2,87.5
ERCOT,6/26/1980 4:00,302.6,0,0,388.4,4.2,84.9
ERCOT,6/26/1980 5:00,301.4,0,0,383,3.9,82.9
ERCOT,6/26/1980 6:00,300.2,0,0,377.2,3.5,80.7
ERCOT,6/26/1980 7:00,299.1,0,0,373.1,3.2,78.7
ERCOT,6/26/1980 8:00,298.2,0,0,369.3,3.2,77.1
ERCOT,6/26/1980 9:00,297.5,0,0,366.2,3.2,75.8
ERCOT,6/26/1980 10:00,297,0,0,364.9,3.3,74.9
ERCOT,6/26/1980 11:00,296.7,0,0,365.2,3.5,74.3
ERCOT,6/26/1980 12:00,297.2,0,68.1,366.1,3.6,75.2
ERCOT,6/26/1980 13:00,299.8,0,277.4,371.7,4.2,80
ERCOT,6/26/1980 14:00,302.8,0,456.6,379.6,5.1,85.4
ERCOT,6/26/1980 15:00,305.6,0,669.7,389.6,5.5,90.3
ERCOT,6/26/1980 16:00,307.8,0,845,398.6,5.5,94.4
ERCOT,6/26/1980 17:00,309.8,0,967.6,406.7,5.2,97.9
ERCOT,6/26/1980 18:00,311.4,0,1024.1,412.5,4.8,100.8
ERCOT,6/26/1980 19:00,312.7,0,1031.8,418.5,4.4,103.2
ERCOT,6/26/1980 20:00,313.6,0,970.6,422.4,4.2,104.8
ERCOT,6/26/1980 21:00,314.1,0,848.4,424.5,4.1,105.7
ERCOT,6/26/1980 22:00,314.2,0,709.3,425.2,4.1,105.9
ERCOT,6/26/1980 23:00,313.8,0,506.8,424.9,4.1,105.1
ERCOT,6/27/1980 0:00,312.8,0,282.4,423,4.1,103.3
ERCOT,6/27/1980 1:00,310.2,0,70.1,418.4,3.7,98.7
ERCOT,6/27/1980 2:00,306.6,0,0.2,407.7,3.3,92.2
ERCOT,6/27/1980 3:00,304.5,0,0,399.8,3.2,88.5
ERCOT,6/27/1980 4:00,302.9,0,0,391.4,3.2,85.5
ERCOT,6/27/1980 5:00,301.4,0,0,384.5,3.2,82.9
ERCOT,6/27/1980 6:00,300.2,0,0,378.8,3,80.7
ERCOT,6/27/1980 7:00,299.2,0,0,374,3.1,78.9
ERCOT,6/27/1980 8:00,298.3,0,0,370.5,3.2,77.3
ERCOT,6/27/1980 9:00,297.6,0,0,368.6,3.1,76.1
ERCOT,6/27/1980 10:00,297,0,0,366.8,3,74.9
ERCOT,6/27/1980 11:00,296.5,0,0,365.8,3,74.1
ERCOT,6/27/1980 12:00,297.2,0,61.4,365.1,3.1,75.3
ERCOT,6/27/1980 13:00,300.1,0,268.5,371.3,3.7,80.5
ERCOT,6/27/1980 14:00,303.6,0,491.7,382.4,4.5,86.8
ERCOT,6/27/1980 15:00,306.5,0,654.1,391.1,4.9,92
ERCOT,6/27/1980 16:00,309.1,0,830.8,401.6,4.8,96.7
ERCOT,6/27/1980 17:00,311.2,0,959.8,410.6,4.4,100.5
ERCOT,6/27/1980 18:00,312.9,0,1026.8,417.7,3.9,103.5
ERCOT,6/27/1980 19:00,314.1,0,1026.4,423.1,3.4,105.7
ERCOT,6/27/1980 20:00,315,0,978.7,426,3.3,107.3
ERCOT,6/27/1980 21:00,315.4,0,862.7,428.5,3.2,108
ERCOT,6/27/1980 22:00,315.3,0,693.8,429.7,3.3,107.9
ERCOT,6/27/1980 23:00,314.6,0,487.8,428.8,3.6,106.7
ERCOT,6/28/1980 0:00,313.3,0,265.8,426.1,4.2,104.3
ERCOT,6/28/1980 1:00,310.9,0,94.6,421.6,4.5,100
ERCOT,6/28/1980 2:00,307.4,0,1,411.3,4.1,93.6
ERCOT,6/28/1980 3:00,305.2,0,0,402,4,89.6
ERCOT,6/28/1980 4:00,303.5,0,0,394.4,3.9,86.7
ERCOT,6/28/1980 5:00,302.3,0,0,389,3.9,84.5
ERCOT,6/28/1980 6:00,301.4,0,0,385.3,3.9,82.8
ERCOT,6/28/1980 7:00,300.5,0,0,382.1,3.9,81.2
ERCOT,6/28/1980 8:00,299.7,0,0,378.5,4,79.8
ERCOT,6/28/1980 9:00,299,0,0,375.5,4,78.5
ERCOT,6/28/1980 10:00,298.4,0,0,372.9,3.8,77.4
ERCOT,6/28/1980 11:00,297.8,0,0,371.2,3.7,76.4
ERCOT,6/28/1980 12:00,298,0,52.8,369.5,3.7,76.7
ERCOT,6/28/1980 13:00,300.5,0,257.3,374.7,4.3,81.3
ERCOT,6/28/1980 14:00,303.6,0,482.1,383.3,5.1,86.8
ERCOT,6/28/1980 15:00,306.3,0,653.4,390.9,5.6,91.7
ERCOT,6/28/1980 16:00,308.8,0,834.7,400,5.6,96.3
ERCOT,6/28/1980 17:00,311,0,964.8,408.8,5.4,100.1
ERCOT,6/28/1980 18:00,312.6,0,1029.1,416,5.1,103.1
ERCOT,6/28/1980 19:00,313.8,0,1031.4,420.7,4.8,105.2
ERCOT,6/28/1980 20:00,314.5,0,970.5,425,4.6,106.4
ERCOT,6/28/1980 21:00,314.7,0,843.6,427,4.5,106.9
ERCOT,6/28/1980 22:00,314.6,0,702.5,426.9,4.7,106.6
ERCOT,6/28/1980 23:00,313.9,0,492.4,425.8,5.1,105.3
ERCOT,6/29/1980 0:00,312.4,0,263.3,424,5.6,102.7
ERCOT,6/29/1980 1:00,309.8,0,59.9,416.9,5.6,98.1
ERCOT,6/29/1980 2:00,306.9,0,1,407.2,5.7,92.8
ERCOT,6/29/1980 3:00,304.9,0,0,397.8,5.7,89.2
ERCOT,6/29/1980 4:00,303.4,0,0,391.3,5.6,86.5
ERCOT,6/29/1980 5:00,302.2,0,0,387.2,5.4,84.4
ERCOT,6/29/1980 6:00,301.2,0,0,383.1,5.3,82.6
ERCOT,6/29/1980 7:00,300.3,0,0,379.5,5.2,80.8
ERCOT,6/29/1980 8:00,299.3,0,0,374.7,5,79.1
ERCOT,6/29/1980 9:00,298.5,0,0,370.5,4.8,77.6
ERCOT,6/29/1980 10:00,297.7,0,0,368,4.5,76.2
ERCOT,6/29/1980 11:00,297.1,0,0,367,4.1,75.1
ERCOT,6/29/1980 12:00,297.1,0,49.2,368,3.8,75
ERCOT,6/29/1980 13:00,299.2,0,247.2,368.7,4.4,78.8
ERCOT,6/29/1980 14:00,302,0,474,376.6,5.4,83.9
ERCOT,6/29/1980 15:00,304.5,0,640.5,384.7,6.1,88.5
ERCOT,6/29/1980 16:00,307,0,821.3,394.9,6,92.8
ERCOT,6/29/1980 17:00,308.9,0,918.8,405,5.7,96.4
ERCOT,6/29/1980 18:00,310.5,0,976.3,410.4,5.4,99.2
ERCOT,6/29/1980 19:00,311.7,0,1000.5,414.4,5.1,101.4
ERCOT,6/29/1980 20:00,312.3,0,903.3,420.1,4.7,102.5
ERCOT,6/29/1980 21:00,312.5,0,773.4,424.3,4.3,102.9
ERCOT,6/29/1980 22:00,312.4,0,621.4,423.8,4.1,102.7
ERCOT,6/29/1980 23:00,312,0,473.9,421.6,4.2,101.9
ERCOT,7/1/1980 0:00,310.6,0,289.9,422.7,5.2,99.3
ERCOT,7/1/1980 1:00,308.4,0,77.9,419,5.1,95.4
ERCOT,7/1/1980 2:00,305.6,0,0.3,409,4.8,90.4
ERCOT,7/1/1980 3:00,303.8,0,0,400.9,4.7,87.2
ERCOT,7/1/1980 4:00,302.5,0,0,395.9,4.4,84.8
ERCOT,7/1/1980 5:00,301.4,0,0,391.1,4.3,82.8
ERCOT,7/1/1980 6:00,300.4,0,0,387.8,4.1,81.1
ERCOT,7/1/1980 7:00,299.7,0,0,385.3,4.1,79.8
ERCOT,7/1/1980 8:00,299,0,0,384,4.1,78.5
ERCOT,7/1/1980 9:00,298.4,0,0,383.5,3.9,77.4
ERCOT,7/1/1980 10:00,297.8,0,0,383.4,3.6,76.4
ERCOT,7/1/1980 11:00,297.3,0,0,383.8,3.3,75.5
ERCOT,7/1/1980 12:00,297.5,0,40.8,385.4,3.1,75.8
ERCOT,7/1/1980 13:00,299.5,0,226.3,387.8,3.5,79.5
ERCOT,7/1/1980 14:00,302.3,0,470.9,388.4,4.4,84.4
ERCOT,7/1/1980 15:00,304.8,0,645,396.4,5.1,89
ERCOT,7/1/1980 16:00,307.1,0,832.9,406,5,93.1
ERCOT,7/1/1980 17:00,309.1,0,938.9,413.4,4.7,96.7
ERCOT,7/1/1980 18:00,310.8,0,1014.4,420.6,4.4,99.7
ERCOT,7/1/1980 19:00,312,0,1021.8,426.3,4.2,102
ERCOT,7/1/1980 20:00,312.9,0,959.6,430,4.2,103.5
ERCOT,7/1/1980 21:00,313.3,0,859.3,431.8,4.4,104.2
ERCOT,7/1/1980 22:00,313.2,0,694.9,432.3,4.7,104.1
ERCOT,7/1/1980 23:00,312.6,0,485.8,431.3,5,102.9
ERCOT,7/2/1980 0:00,311.4,0,259.7,428.2,5.3,100.8
ERCOT,7/2/1980 1:00,309.2,0,84.2,424.4,5.2,97
ERCOT,7/2/1980 2:00,306.3,0,0.5,414.9,4.8,91.7
ERCOT,7/2/1980 3:00,304.5,0,0,405.6,4.6,88.5
ERCOT,7/2/1980 4:00,303.2,0,0,400.3,4.4,86
ERCOT,7/2/1980 5:00,302,0,0,394.9,4,83.9
ERCOT,7/2/1980 6:00,300.9,0,0,390.7,3.6,81.9
ERCOT,7/2/1980 7:00,299.9,0,0,386.7,3.2,80.2
ERCOT,7/2/1980 8:00,299,0,0,382.9,3,78.5
ERCOT,7/2/1980 9:00,298.2,0,0,380.6,2.9,77.2
ERCOT,7/2/1980 10:00,297.5,0,0,378.5,2.8,75.9
ERCOT,7/2/1980 11:00,296.9,0,0,377.6,2.6,74.7
ERCOT,7/2/1980 12:00,297.1,0,46.8,378.5,2.5,75.1
ERCOT,7/2/1980 13:00,299.5,0,247.7,378.9,3,79.4
ERCOT,7/2/1980 14:00,302.6,0,442.4,380.9,3.9,85.1
ERCOT,7/2/1980 15:00,305.6,0,667.9,390.2,4.3,90.4
ERCOT,7/2/1980 16:00,308.1,0,845.4,399,4,94.8
ERCOT,7/2/1980 17:00,310.1,0,952.4,405.4,3.5,98.5
ERCOT,7/2/1980 18:00,311.7,0,1025.8,412.1,3,101.4
ERCOT,7/2/1980 19:00,312.9,0,1032.2,416.6,2.7,103.5
ERCOT,7/2/1980 20:00,313.7,0,975.6,420.4,2.9,105
ERCOT,7/2/1980 21:00,314.1,0,850.3,422.6,3.3,105.7
ERCOT,7/2/1980 22:00,314.1,0,711.7,422.9,3.8,105.7
ERCOT,7/2/1980 23:00,313.5,0,496.4,421.9,4.4,104.6
ERCOT,7/16/1980 0:00,310.6,0,252.7,420.6,5.6,99.5
ERCOT,7/16/1980 1:00,308.8,0,85.5,417,5.4,96.1
ERCOT,7/16/1980 2:00,305.7,0,0.6,407.5,4.7,90.5
ERCOT,7/16/1980 3:00,303.7,0,0,398,4.4,87
ERCOT,7/16/1980 4:00,302.1,0,0,391.3,4,84.2
ERCOT,7/16/1980 5:00,300.7,0,0,386.4,3.5,81.5
ERCOT,7/16/1980 6:00,299.5,0,0,382.2,3.1,79.4
ERCOT,7/16/1980 7:00,298.4,0,0,378.9,2.8,77.5
ERCOT,7/16/1980 8:00,297.7,0,0,375.5,2.7,76.2
ERCOT,7/16/1980 9:00,297,0,0,373.6,2.7,75
ERCOT,7/16/1980 10:00,296.5,0,0,371.6,2.7,74.1
ERCOT,7/16/1980 11:00,296.1,0,0,370.5,2.7,73.3
ERCOT,7/16/1980 12:00,296.2,0,26.7,369.5,2.6,73.4
ERCOT,7/16/1980 13:00,299,0,229.3,371.1,2.8,78.5
ERCOT,7/16/1980 14:00,302.4,0,420.9,379,3.9,84.7
ERCOT,7/16/1980 15:00,305.3,0,639.2,388,5,89.9
ERCOT,7/16/1980 16:00,307.6,0,816.8,395,4.9,94
ERCOT,7/16/1980 17:00,309.5,0,949.5,401.1,4.4,97.5
ERCOT,7/16/1980 18:00,311,0,1019.8,405.8,3.9,100.2
ERCOT,7/16/1980 19:00,312.2,0,1022.7,409.5,3.5,102.2
ERCOT,7/16/1980 20:00,313,0,975.6,411.9,3.1,103.7
ERCOT,7/16/1980 21:00,313.4,0,859.5,413.8,3,104.4
ERCOT,7/16/1980 22:00,313.4,0,684.7,414.8,3.2,104.4
ERCOT,7/16/1980 23:00,312.9,0,472.5,415.1,3.5,103.5
ERCOT,7/17/1980 0:00,311.8,0,250.4,414,3.8,101.5
ERCOT,7/17/1980 1:00,309,0,47.4,410.1,3.7,96.6
ERCOT,7/17/1980 2:00,305.7,0,0.4,402.3,3.4,90.6
ERCOT,7/17/1980 3:00,303.6,0,0,394.5,3.2,86.9
ERCOT,7/17/1980 4:00,301.9,0,0,388.6,2.9,83.8
ERCOT,7/17/1980 5:00,300.4,0,0,385.3,2.6,81.1
ERCOT,7/17/1980 6:00,299.3,0,0,382.5,2.4,79.1
ERCOT,7/17/1980 7:00,298.4,0,0,379.8,2.2,77.4
ERCOT,7/17/1980 8:00,297.5,0,0,376.2,2.1,75.8
ERCOT,7/17/1980 9:00,296.7,0,0,374.3,2,74.4
ERCOT,7/17/1980 10:00,296,0,0,371.7,1.9,73.2
ERCOT,7/17/1980 11:00,295.4,0,0,369.3,1.8,72
ERCOT,7/17/1980 12:00,296,0,41.2,367.6,1.7,73.1
ERCOT,7/17/1980 13:00,299,0,238.7,373.6,1.7,78.6
ERCOT,7/17/1980 14:00,303.1,0,420,383.4,2.8,85.9
ERCOT,7/17/1980 15:00,306.4,0,635.8,394.5,3.4,91.8
ERCOT,7/17/1980 16:00,309,0,809,405.5,3.4,96.4
ERCOT,7/17/1980 17:00,310.7,0,926.7,413.2,2.8,99.5
ERCOT,7/17/1980 18:00,312,0,1001.3,418.2,2.2,101.9
ERCOT,7/17/1980 19:00,312.9,0,1006,422,1.7,103.6
ERCOT,7/17/1980 20:00,313.5,0,941.6,425.2,2.1,104.6
ERCOT,7/17/1980 21:00,313.8,0,826.3,426.8,2.7,105.2
ERCOT,7/17/1980 22:00,313.7,0,660.4,427,3.3,105.1
ERCOT,7/17/1980 23:00,313.2,0,456.7,425.6,3.7,104.1
ERCOT,1/10/1982 0:00,281.8,0,1.6,274.8,1.8,47.6
ERCOT,1/10/1982 1:00,280.2,0,0,274.5,1.7,44.7
ERCOT,1/10/1982 2:00,279.1,0,0,271.6,1.7,42.6
ERCOT,1/10/1982 3:00,278.3,0,0,269.5,1.9,41.3
ERCOT,1/10/1982 4:00,277.5,0,0,264.3,2.1,39.8
ERCOT,1/10/1982 5:00,276.7,0,0,260.3,2.1,38.4
ERCOT,1/10/1982 6:00,276.1,0,0,259,2.2,37.4
ERCOT,1/10/1982 7:00,275.7,0,0,260.7,2.2,36.5
ERCOT,1/10/1982 8:00,275.3,0,0,258.2,2.4,35.8
ERCOT,1/10/1982 9:00,274.7,0,0,251.9,2.8,34.8
ERCOT,1/10/1982 10:00,274.1,0,0,248.7,3.3,33.7
ERCOT,1/10/1982 11:00,273.3,0,0,244.4,3.8,32.3
ERCOT,1/10/1982 12:00,272.6,0,0,242.6,4.5,30.9
ERCOT,1/10/1982 13:00,271.5,0,0,237.7,5.2,29
ERCOT,1/10/1982 14:00,271.6,0,84.4,235.6,5.9,29.2
ERCOT,1/10/1982 15:00,272.4,0,256.6,236.1,7,30.6
ERCOT,1/10/1982 16:00,273,0,445.8,237.7,8.3,31.6
ERCOT,1/10/1982 17:00,272.8,0,528.8,243.4,9,31.4
ERCOT,1/10/1982 18:00,272.6,0,589,245.2,9.3,31.1
ERCOT,1/10/1982 19:00,272.6,0,582,245.7,9.2,31
ERCOT,1/10/1982 20:00,272.2,0,533,241.2,9.1,30.3
ERCOT,1/10/1982 21:00,271.5,0,430.3,234.9,9.1,29
ERCOT,1/10/1982 22:00,270.5,0,270.3,231,8.9,27.2
ERCOT,1/10/1982 23:00,269.2,0,115.7,227.1,8.5,24.8
ERCOT,1/11/1982 0:00,267.5,0,1,223.6,8.1,21.8
ERCOT,1/11/1982 1:00,266.3,0,0,227,8.1,19.6
ERCOT,1/11/1982 2:00,265.3,0,0,228.2,7.8,17.8
ERCOT,1/11/1982 3:00,264.3,0,0,226,7.4,16.1
ERCOT,1/11/1982 4:00,263.6,0,0,223.9,6.9,14.8
ERCOT,1/11/1982 5:00,263,0,0,220.8,6.4,13.8
ERCOT,1/11/1982 6:00,262.6,0,0,219.9,6.1,12.9
ERCOT,1/11/1982 7:00,262.1,0,0,218.6,5.7,12.2
ERCOT,1/11/1982 8:00,261.7,0,0,215.9,5.2,11.4
ERCOT,1/11/1982 9:00,261.3,0,0,211.3,4.8,10.7
ERCOT,1/11/1982 10:00,261,0,0,209.8,4.2,10.2
ERCOT,1/11/1982 11:00,260.8,0,0,208.7,3.7,9.8
ERCOT,1/11/1982 12:00,260.6,0,0,207,3.6,9.5
ERCOT,1/11/1982 13:00,260.5,0,0,206.6,3.4,9.2
ERCOT,1/11/1982 14:00,260.7,0,46.9,205.7,3.1,9.7
ERCOT,1/11/1982 15:00,262.5,0,258.2,207.3,2.9,12.9
ERCOT,1/11/1982 16:00,264.6,0,404.4,209.9,2.8,16.7
ERCOT,1/11/1982 17:00,266.4,0,550.5,212.9,2.6,19.8
ERCOT,1/11/1982 18:00,268,0,614.3,216,2.2,22.7
ERCOT,1/11/1982 19:00,269.5,0,633.1,221.1,2.3,25.4
ERCOT,1/11/1982 20:00,270.6,0,585.2,224.4,2.6,27.4
ERCOT,1/11/1982 21:00,271.3,0,443.5,231.4,2.9,28.7
ERCOT,1/11/1982 22:00,271.5,0,247.3,239.8,3.3,29.1
ERCOT,1/11/1982 23:00,271.2,0,84.7,246.9,3.6,28.5
ERCOT,1/12/1982 0:00,270.1,0,1,257.6,3.2,26.5
ERCOT,1/12/1982 1:00,269.9,0,0,262.2,3.4,26.2
ERCOT,1/12/1982 2:00,270,0,0,272.1,3.4,26.4
ERCOT,1/12/1982 3:00,270.2,0,0,276.1,3.6,26.6
ERCOT,1/12/1982 4:00,270.3,0,0,278.1,3.8,26.8
ERCOT,1/12/1982 5:00,270.3,0,0,275.7,4,26.9
ERCOT,1/12/1982 6:00,270.6,0,0,280.2,4.2,27.3
ERCOT,1/12/1982 7:00,270.6,0,0,284.2,4.4,27.4
ERCOT,1/12/1982 8:00,270.8,0,0,287.4,4.3,27.7
ERCOT,1/12/1982 9:00,271,0,0,288.6,4.3,28.1
ERCOT,1/12/1982 10:00,271.2,0,0,290.3,4.5,28.5
ERCOT,1/12/1982 11:00,271.3,0,0,294,4.5,28.7
ERCOT,1/12/1982 12:00,271.4,0,0,299.7,4.3,28.9
ERCOT,1/12/1982 13:00,271.6,0,0,305.5,4.6,29.3
ERCOT,1/12/1982 14:00,272.1,0,10.3,305.9,4.5,30
ERCOT,1/12/1982 15:00,272.8,0,52.3,306.2,4.6,31.3
ERCOT,1/12/1982 16:00,273.8,0,104.2,307.7,4.7,33.3
ERCOT,1/12/1982 17:00,274.7,0,175.9,308.1,4.4,34.8
ERCOT,1/12/1982 18:00,275.7,0,221.3,308.8,4.4,36.6
ERCOT,1/12/1982 19:00,277.1,0,328.7,303.9,4.3,39.1
ERCOT,1/12/1982 20:00,278.1,0,348.2,301.9,4.2,40.9
ERCOT,1/12/1982 21:00,278.7,0,284.5,304,3.5,42
ERCOT,1/12/1982 22:00,278.8,0,185.3,304.9,3.5,42.2
ERCOT,1/12/1982 23:00,278.1,0,93.4,301.1,3.6,41
ERCOT,12/23/1983 0:00,269.6,0,0.3,242.7,3.2,25.6
ERCOT,12/23/1983 1:00,269.3,0,0,252.1,3.2,25.1
ERCOT,12/23/1983 2:00,269,0,0,257.7,3.1,24.6
ERCOT,12/23/1983 3:00,268.8,0,0,260.4,3.1,24.2
ERCOT,12/23/1983 4:00,268.6,0,0,261,3,23.7
ERCOT,12/23/1983 5:00,268.4,0,0,263.1,2.8,23.4
ERCOT,12/23/1983 6:00,268.3,0,0,268.4,2.5,23.3
ERCOT,12/23/1983 7:00,268.3,0,0,270.4,2.1,23.3
ERCOT,12/23/1983 8:00,268.4,0,0,274.8,2,23.4
ERCOT,12/23/1983 9:00,268.5,0,0,276.9,1.9,23.6
ERCOT,12/23/1983 10:00,268.6,0,0,277.4,1.9,23.8
ERCOT,12/23/1983 11:00,268.7,0,0,278.9,2,23.9
ERCOT,12/23/1983 12:00,268.7,0,0,280.4,2.1,24.1
ERCOT,12/23/1983 13:00,268.8,0,0,284.2,2.3,24.2
ERCOT,12/23/1983 14:00,269,0,19.9,285.8,2.3,24.5
ERCOT,12/23/1983 15:00,269.4,0,66,286.5,2.4,25.3
ERCOT,12/23/1983 16:00,270.2,0,128.6,287.5,2.2,26.6
ERCOT,12/23/1983 17:00,270.9,0,195,288.3,2.2,28
ERCOT,12/23/1983 18:00,271.7,0,244.8,289.6,2.4,29.4
ERCOT,12/23/1983 19:00,272.4,0,269.8,290.1,2.6,30.7
ERCOT,12/23/1983 20:00,273,0,263,289.1,3,31.7
ERCOT,12/23/1983 21:00,273.2,0,205.8,286.4,3.4,32.1
ERCOT,12/23/1983 22:00,273,0,116.6,285.9,3.7,31.7
ERCOT,12/23/1983 23:00,272.4,0,44.8,285.7,3.6,30.7
ERCOT,12/24/1983 0:00,271.4,0,0.2,284.8,3.4,28.8
ERCOT,12/24/1983 1:00,270.9,0,0,285.6,3.6,27.9
ERCOT,12/24/1983 2:00,270.6,0,0,286.5,3.9,27.5
ERCOT,12/24/1983 3:00,270.3,0,0,286.4,4.4,26.8
ERCOT,12/24/1983 4:00,269.9,0,0,287.1,5,26.2
ERCOT,12/24/1983 5:00,269.2,0,0,279.3,5.8,25
ERCOT,12/24/1983 6:00,268.6,0,0,270.9,6,23.8
ERCOT,12/24/1983 7:00,268,0,0,270.6,6.6,22.7
ERCOT,12/24/1983 8:00,267.2,0,0,273.8,7.3,21.2
ERCOT,12/24/1983 9:00,266.2,0,0,260.3,7.7,19.5
ERCOT,12/24/1983 10:00,265.3,0,0,251.6,7.9,17.9
ERCOT,12/24/1983 11:00,264.5,0,0,242.5,8,16.5
ERCOT,12/24/1983 12:00,263.9,0,0,240,8,15.3
ERCOT,12/24/1983 13:00,263.4,0,0,254.4,8.4,14.4
ERCOT,12/24/1983 14:00,262.9,0,50.9,247.6,8.7,13.6
ERCOT,12/24/1983 15:00,262.8,0,155.7,242,9.2,13.4
ERCOT,12/24/1983 16:00,263.1,0,343.7,227.8,9.4,13.9
ERCOT,12/24/1983 17:00,263.8,0,490,221.7,9.4,15.1
ERCOT,12/24/1983 18:00,264.5,0,561.3,219.5,9.4,16.4
ERCOT,12/24/1983 19:00,265,0,569.8,218.2,9.4,17.2
ERCOT,12/24/1983 20:00,265.3,0,517.4,218.9,9.1,17.8
ERCOT,12/24/1983 21:00,265.3,0,392.8,219.5,8.8,17.8
ERCOT,12/24/1983 22:00,264.5,0,222.1,218.7,8.5,16.5
ERCOT,12/24/1983 23:00,263.3,0,75.9,217.7,8,14.3
ERCOT,12/25/1983 0:00,262.1,0,0.2,216.2,7.6,12.1
ERCOT,12/25/1983 1:00,261.4,0,0,214.8,7.3,10.9
ERCOT,12/25/1983 2:00,260.9,0,0,211.7,6.8,10
ERCOT,12/25/1983 3:00,260.6,0,0,210.2,6.3,9.5
ERCOT,12/25/1983 4:00,260.4,0,0,211.6,5.8,9
ERCOT,12/25/1983 5:00,260.1,0,0,212.7,5.6,8.6
ERCOT,12/25/1983 6:00,259.8,0,0,209.8,5.5,7.9
ERCOT,12/25/1983 7:00,259.4,0,0,205.8,5.4,7.2
ERCOT,12/25/1983 8:00,258.9,0,0,203.7,5.1,6.4
ERCOT,12/25/1983 9:00,258.6,0,0,202.9,4.8,5.8
ERCOT,12/25/1983 10:00,258.3,0,0,202.8,4.5,5.3
ERCOT,12/25/1983 11:00,258.1,0,0,203.8,4.4,5
ERCOT,12/25/1983 12:00,258,0,0,205.2,4.2,4.7
ERCOT,12/25/1983 13:00,257.9,0,0,207.5,3.9,4.6
ERCOT,12/25/1983 14:00,258.2,0,77.1,209.4,3.7,5.1
ERCOT,12/25/1983 15:00,259.2,0,218,212.3,3.8,6.9
ERCOT,12/25/1983 16:00,260.6,0,383.8,217.6,3.8,9.4
ERCOT,12/25/1983 17:00,262,0,505.3,222.1,3.6,12
ERCOT,12/25/1983 18:00,263.4,0,580.5,220.7,3.6,14.4
ERCOT,12/25/1983 19:00,264.5,0,573.8,223,3.4,16.4
ERCOT,12/25/1983 20:00,265.3,0,514.6,226.9,3.4,17.8
ERCOT,12/25/1983 21:00,265.7,0,380.4,231.4,3.4,18.6
ERCOT,12/25/1983 22:00,265.7,0,214.3,233,3.4,18.6
ERCOT,12/25/1983 23:00,265.2,0,46.5,234,3.2,17.7
ERCOT,12/26/1983 0:00,264.4,0,0.3,235.4,2.5,16.2
ERCOT,12/26/1983 1:00,264,0,0,233.5,2.1,15.5
ERCOT,12/26/1983 2:00,263.6,0,0,231.3,2,14.8
ERCOT,12/26/1983 3:00,263.3,0,0,230.1,2,14.3
ERCOT,12/26/1983 4:00,263,0,0,228.2,2,13.8
ERCOT,12/26/1983 5:00,263.2,0,0,236.4,2,14.1
ERCOT,12/26/1983 6:00,263.3,0,0,236.2,1.9,14.2
ERCOT,12/26/1983 7:00,263.4,0,0,241,1.9,14.4
ERCOT,12/26/1983 8:00,263.6,0,0,247.4,2.1,14.8
ERCOT,12/26/1983 9:00,263.9,0,0,253.6,2.2,15.4
ERCOT,12/26/1983 10:00,264.3,0,0,261.9,2.6,16.1
ERCOT,12/26/1983 11:00,264.8,0,0,271.1,2.8,17.1
ERCOT,12/26/1983 12:00,265.1,0,0,273.3,2.9,17.6
ERCOT,12/26/1983 13:00,265.4,0,0,280.3,3,18.1
ERCOT,12/26/1983 14:00,265.8,0,14.9,282.4,3.4,18.8
ERCOT,12/26/1983 15:00,266.4,0,83.1,278.2,4,19.8
ERCOT,12/26/1983 16:00,267.1,0,167.3,274.6,4.4,21.2
ERCOT,12/26/1983 17:00,267.8,0,209.5,279.8,4.7,22.4
ERCOT,12/26/1983 18:00,268.6,0,271.5,274.3,5,23.7
ERCOT,12/26/1983 19:00,269.3,0,292.7,275.6,5.4,25.1
ERCOT,12/26/1983 20:00,269.8,0,234.3,283.6,5.3,26
ERCOT,12/26/1983 21:00,270.3,0,190.7,286.3,5.3,26.8
ERCOT,12/26/1983 22:00,270.6,0,122.5,285.9,5.1,27.3
ERCOT,12/26/1983 23:00,270.5,0,47.9,286.9,4.8,27.2
ERCOT,12/29/1983 0:00,271.7,0,0.5,276.9,9,29.4
ERCOT,12/29/1983 1:00,270.6,0,0,271.4,9.1,27.4
ERCOT,12/29/1983 2:00,269.7,0,0,259.8,8.9,25.8
ERCOT,12/29/1983 3:00,268.8,0,0,247.7,8.9,24.1
ERCOT,12/29/1983 4:00,267.9,0,0,238.5,8.8,22.5
ERCOT,12/29/1983 5:00,267.1,0,0,235.3,8.8,21.2
ERCOT,12/29/1983 6:00,266.5,0,0,231.6,8.6,20
ERCOT,12/29/1983 7:00,265.9,0,0,229.8,8.1,18.9
ERCOT,12/29/1983 8:00,265.3,0,0,228.8,7.5,17.9
ERCOT,12/29/1983 9:00,264.8,0,0,224.4,6.9,17
ERCOT,12/29/1983 10:00,264.3,0,0,216,6.6,16.1
ERCOT,12/29/1983 11:00,263.9,0,0,212.4,6.4,15.3
ERCOT,12/29/1983 12:00,263.5,0,0,213.2,6.2,14.6
ERCOT,12/29/1983 13:00,263,0,0,209.7,5.8,13.7
ERCOT,12/29/1983 14:00,262.9,0,48,201.8,5.5,13.5
ERCOT,12/29/1983 15:00,264.1,0,252.3,192.6,5.8,15.7
ERCOT,12/29/1983 16:00,265.8,0,442.3,191.3,5.9,18.7
ERCOT,12/29/1983 17:00,267.4,0,583.2,191.4,5.9,21.7
ERCOT,12/29/1983 18:00,268.8,0,659.8,192.9,6.1,24.3
ERCOT,12/29/1983 19:00,269.9,0,667.3,193.3,6.3,26.2
ERCOT,12/29/1983 20:00,270.6,0,616.1,193.3,6.2,27.4
ERCOT,12/29/1983 21:00,270.8,0,484.4,194.2,5.9,27.8
ERCOT,12/29/1983 22:00,270.5,0,297.3,194.8,5.7,27.2
ERCOT,12/29/1983 23:00,269.3,0,85.8,194.4,5.2,25.1
ERCOT,12/30/1983 0:00,267.2,0,0.1,192.4,4.3,21.2
ERCOT,12/30/1983 1:00,265.9,0,0,191,4,19
ERCOT,12/30/1983 2:00,265.2,0,0,190.5,3.7,17.8
ERCOT,12/30/1983 3:00,264.7,0,0,190.1,3.4,16.8
ERCOT,12/30/1983 4:00,264.2,0,0,189.4,3.2,16
ERCOT,12/30/1983 5:00,263.9,0,0,189,3,15.4
ERCOT,12/30/1983 6:00,263.6,0,0,188.8,2.9,14.9
ERCOT,12/30/1983 7:00,263.3,0,0,187.7,2.7,14.3
ERCOT,12/30/1983 8:00,262.9,0,0,187.4,2.5,13.6
ERCOT,12/30/1983 9:00,262.6,0,0,186.9,2.5,13.1
ERCOT,12/30/1983 10:00,262.4,0,0,186.8,2.5,12.7
ERCOT,12/30/1983 11:00,262.3,0,0,186.8,2.6,12.4
ERCOT,12/30/1983 12:00,262.1,0,0,186.6,2.6,12.1
ERCOT,12/30/1983 13:00,261.9,0,0,186.3,2.5,11.7
ERCOT,12/30/1983 14:00,262.7,0,87.8,185.7,2.4,13.3
ERCOT,12/30/1983 15:00,265.5,0,301.6,187.4,2.3,18.2
ERCOT,12/30/1983 16:00,268.5,0,455.6,190.9,2.5,23.6
ERCOT,12/30/1983 17:00,270.6,0,604,194.6,2.7,27.4
ERCOT,12/30/1983 18:00,272.2,0,678.3,198.3,2.7,30.3
ERCOT,12/30/1983 19:00,273.4,0,679.8,201.3,3,32.5
ERCOT,12/30/1983 20:00,274.2,0,611.9,204,3.2,33.9
ERCOT,12/30/1983 21:00,274.5,0,474.8,206.4,3.2,34.5
ERCOT,12/30/1983 22:00,274.3,0,285.6,207.6,2.9,34.1
ERCOT,12/30/1983 23:00,272.8,0,115.3,207.5,2.6,31.4
ERCOT,12/31/1983 0:00,269.1,0,0.7,205.1,2.3,24.7
ERCOT,12/31/1983 1:00,268,0,0,205.7,2.3,22.7
ERCOT,12/31/1983 2:00,267.3,0,0,206,2.4,21.5
ERCOT,12/31/1983 3:00,266.9,0,0,204.6,2.5,20.7
ERCOT,12/31/1983 4:00,266.6,0,0,203.3,2.5,20.2
ERCOT,12/31/1983 5:00,266.4,0,0,203.6,2.5,19.8
ERCOT,12/31/1983 6:00,266.2,0,0,204.4,2.6,19.5
ERCOT,12/31/1983 7:00,266,0,0,205.2,2.6,19.2
ERCOT,12/31/1983 8:00,265.9,0,0,205.8,2.5,18.9
ERCOT,12/31/1983 9:00,265.7,0,0,206.7,2.6,18.6
ERCOT,12/31/1983 10:00,265.6,0,0,207.7,2.6,18.4
ERCOT,12/31/1983 11:00,265.5,0,0,209.5,2.6,18.3
ERCOT,12/31/1983 12:00,265.6,0,0,211.7,2.8,18.4
ERCOT,12/31/1983 13:00,265.6,0,0,214.1,2.9,18.4
ERCOT,12/31/1983 14:00,266.6,0,73.6,216.8,3,20.2
ERCOT,12/31/1983 15:00,269.9,0,278.1,222.1,3.4,26.1
ERCOT,12/31/1983 16:00,273.1,0,462.5,228.4,4,32
ERCOT,12/31/1983 17:00,275.7,0,572.9,233.4,4.5,36.7
ERCOT,12/31/1983 18:00,277.8,0,651,239.6,4.8,40.4
ERCOT,12/31/1983 19:00,279.2,0,651,244.6,5,43
ERCOT,12/31/1983 20:00,280.1,0,581.5,248.3,5.2,44.6
ERCOT,12/31/1983 21:00,280.6,0,446.8,251.6,5.4,45.5
ERCOT,12/31/1983 22:00,280.6,0,299.1,253.4,5.2,45.3
ERCOT,12/31/1983 23:00,278.9,0,88.6,253.8,4.4,42.4
ERCOT,1/21/1985 0:00,266.4,0,3.4,201.9,6,19.9
ERCOT,1/21/1985 1:00,265.9,0,0,199.6,5.4,18.9
ERCOT,1/21/1985 2:00,265.4,0,0,197.6,4.8,18.1
ERCOT,1/21/1985 3:00,265.1,0,0,196.6,4.3,17.5
ERCOT,1/21/1985 4:00,264.9,0,0,195.8,4.1,17.1
ERCOT,1/21/1985 5:00,264.7,0,0,195.6,3.8,16.8
ERCOT,1/21/1985 6:00,264.6,0,0,195.8,3.5,16.6
ERCOT,1/21/1985 7:00,264.4,0,0,196,3.2,16.3
ERCOT,1/21/1985 8:00,264.3,0,0,196.5,2.8,16.1
ERCOT,1/21/1985 9:00,264.3,0,0,197.1,2.6,16
ERCOT,1/21/1985 10:00,264.2,0,0,197.7,2.4,15.9
ERCOT,1/21/1985 11:00,264.1,0,0,198.2,2.4,15.7
ERCOT,1/21/1985 12:00,264.1,0,0,198.8,2.4,15.6
ERCOT,1/21/1985 13:00,264,0,0,199,2.4,15.5
ERCOT,1/21/1985 14:00,264.8,0,77.4,199.8,2.5,16.9
ERCOT,1/21/1985 15:00,267.5,0,305.7,203.2,2.7,21.8
ERCOT,1/21/1985 16:00,269.8,0,477.3,206.6,3.1,26
ERCOT,1/21/1985 17:00,271.8,0,632.7,211,3,29.6
ERCOT,1/21/1985 18:00,273.4,0,703.2,214.4,2.9,32.5
ERCOT,1/21/1985 19:00,274.6,0,717.6,217.6,2.9,34.6
ERCOT,1/21/1985 20:00,275.3,0,651.5,220.6,2.7,35.9
ERCOT,1/21/1985 21:00,275.8,0,535.9,222.8,2.7,36.7
ERCOT,1/21/1985 22:00,275.8,0,376.7,224.2,2.7,36.8
ERCOT,1/21/1985 23:00,275,0,139.2,225,2.5,35.3
ERCOT,2/1/1985 0:00,270.1,0,5.1,299.4,7.6,26.5
ERCOT,2/1/1985 1:00,269.6,0,0,297,7.6,25.6
ERCOT,2/1/1985 2:00,269.2,0,0,295.1,7.5,24.8
ERCOT,2/1/1985 3:00,268.6,0,0,291.3,7.4,23.8
ERCOT,2/1/1985 4:00,268.1,0,0,289.4,7.1,22.9
ERCOT,2/1/1985 5:00,267.7,0,0,286.8,7.1,22.2
ERCOT,2/1/1985 6:00,267.3,0,0,284.3,6.9,21.4
ERCOT,2/1/1985 7:00,267,0,0,285.7,6.9,20.9
ERCOT,2/1/1985 8:00,266.6,0,0,282.9,6.7,20.3
ERCOT,2/1/1985 9:00,266.3,0,0,278.2,6.6,19.7
ERCOT,2/1/1985 10:00,266.2,0,0,282,6.6,19.4
ERCOT,2/1/1985 11:00,266.2,0,0,284.6,6.2,19.4
ERCOT,2/1/1985 12:00,266.2,0,0,280.3,5.9,19.4
ERCOT,2/1/1985 13:00,266.1,0,0,283.8,5.8,19.4
ERCOT,2/1/1985 14:00,266.1,0,17.7,282.4,5.7,19.3
ERCOT,2/1/1985 15:00,266.2,0,53.2,282.6,5.7,19.5
ERCOT,2/1/1985 16:00,266.6,0,100.8,281.8,5.5,20.2
ERCOT,2/1/1985 17:00,267,0,147.6,282.9,5.5,20.9
ERCOT,2/1/1985 18:00,267.5,0,183,283.2,5.4,21.8
ERCOT,2/1/1985 19:00,268,0,223,284.8,5.5,22.7
ERCOT,2/1/1985 20:00,268.4,0,216.1,285.9,5.5,23.5
ERCOT,2/1/1985 21:00,268.9,0,219.1,283.6,5.4,24.3
ERCOT,2/1/1985 22:00,269.1,0,139,283.7,5,24.7
ERCOT,2/1/1985 23:00,269,0,68.4,286.9,4.6,24.5
ERCOT,2/2/1985 0:00,268.5,0,8,280.6,4.4,23.7
ERCOT,2/2/1985 1:00,268.2,0,0,279.6,4.3,23.1
ERCOT,2/2/1985 2:00,267.9,0,0,277,4.5,22.5
ERCOT,2/2/1985 3:00,267.5,0,0,271.6,4.2,21.8
ERCOT,2/2/1985 4:00,267,0,0,265.2,4.5,20.9
ERCOT,2/2/1985 5:00,266.5,0,0,261.4,4.4,20.1
ERCOT,2/2/1985 6:00,266.4,0,0,262.1,4.3,19.8
ERCOT,2/2/1985 7:00,266.4,0,0,260.3,4.2,19.8
ERCOT,2/2/1985 8:00,266,0,0,248.2,3.9,19.1
ERCOT,2/2/1985 9:00,265.4,0,0,242.1,3.6,18
ERCOT,2/2/1985 10:00,264.7,0,0,222.6,3.4,16.8
ERCOT,2/2/1985 11:00,264.2,0,0,215.4,3.3,15.8
ERCOT,2/2/1985 12:00,263.7,0,0,211.1,3.3,14.9
ERCOT,2/2/1985 13:00,263.2,0,0,210.3,2.9,14.1
ERCOT,2/2/1985 14:00,263.9,0,73.8,209,2.8,15.3
ERCOT,2/2/1985 15:00,266.2,0,296.8,207.2,3.2,19.5
ERCOT,2/2/1985 16:00,268.6,0,505.5,208.1,3.3,23.7
ERCOT,2/2/1985 17:00,270.4,0,641.6,210.1,3.4,27.1
ERCOT,2/2/1985 18:00,271.9,0,745.5,211.8,3.2,29.8
ERCOT,2/2/1985 19:00,273.1,0,767.8,213.9,2.8,31.9
ERCOT,2/2/1985 20:00,274,0,727.5,215.3,2.7,33.5
ERCOT,2/2/1985 21:00,274.5,0,607.5,217.7,2.8,34.5
ERCOT,2/2/1985 22:00,274.6,0,419.7,219.7,2.8,34.6
ERCOT,2/2/1985 23:00,274.1,0,195.5,220.7,2.7,33.7
ERCOT,2/3/1985 0:00,270.5,0,6.5,219.8,2.4,27.3
ERCOT,2/3/1985 1:00,268.8,0,0,217.8,2.3,24.1
ERCOT,2/3/1985 2:00,268.1,0,0,220,2.2,22.9
ERCOT,2/3/1985 3:00,267.6,0,0,221.8,2.2,22
ERCOT,2/3/1985 4:00,267.1,0,0,221.9,2.2,21.1
ERCOT,2/3/1985 5:00,266.9,0,0,222.9,2.2,20.7
ERCOT,2/3/1985 6:00,266.6,0,0,223.9,2.2,20.2
ERCOT,2/3/1985 7:00,266.4,0,0,225.6,2.4,19.9
ERCOT,2/3/1985 8:00,266.2,0,0,228,2.4,19.4
ERCOT,2/3/1985 9:00,265.9,0,0,229.7,2.4,18.9
ERCOT,2/3/1985 10:00,265.8,0,0,234,2.4,18.7
ERCOT,2/3/1985 11:00,265.8,0,0,241.6,2.5,18.8
ERCOT,2/3/1985 12:00,266,0,0,247.3,2.6,19.1
ERCOT,2/3/1985 13:00,266.6,0,0,269.4,2.8,20.2
ERCOT,2/3/1985 14:00,267.5,0,30.7,282.9,3,21.8
ERCOT,2/3/1985 15:00,268.7,0,98.9,285.7,3.4,24
ERCOT,2/3/1985 16:00,269.8,0,172.1,289,3.7,26
ERCOT,2/3/1985 17:00,270.9,0,209.6,293.2,4,27.9
ERCOT,2/3/1985 18:00,271.5,0,173.7,298.8,4.2,29
ERCOT,2/3/1985 19:00,271.9,0,170.4,301.8,4.3,29.8
ERCOT,2/3/1985 20:00,272.2,0,155.3,303.5,4.6,30.3
ERCOT,2/3/1985 21:00,272.4,0,115.6,305.8,4.7,30.6
ERCOT,2/3/1985 22:00,272.4,0,85.2,305.3,4.7,30.7
ERCOT,2/3/1985 23:00,272.3,0,39.9,305.6,4.6,30.5
ERCOT,7/30/1986 0:00,311.1,0,251.1,433.8,4.2,100.3
ERCOT,7/30/1986 1:00,308.8,0,46.4,428.3,4.2,96.3
ERCOT,7/30/1986 2:00,306.3,0,0,418.4,4.2,91.7
ERCOT,7/30/1986 3:00,304.7,0,0,411.8,4.1,88.7
ERCOT,7/30/1986 4:00,303.3,0,0,405.6,3.7,86.2
ERCOT,7/30/1986 5:00,302,0,0,401,3.3,84
ERCOT,7/30/1986 6:00,301,0,0,397.4,3.1,82.2
ERCOT,7/30/1986 7:00,300.2,0,0,393.8,2.9,80.7
ERCOT,7/30/1986 8:00,299.5,0,0,389.9,3,79.4
ERCOT,7/30/1986 9:00,298.8,0,0,385.9,3,78.1
ERCOT,7/30/1986 10:00,298,0,0,382.4,3,76.8
ERCOT,7/30/1986 11:00,297.5,0,0,380.1,3,75.8
ERCOT,7/30/1986 12:00,297.2,0,9.5,377.9,2.9,75.2
ERCOT,7/30/1986 13:00,299.8,0,191.8,380.8,3.3,80
ERCOT,7/30/1986 14:00,303,0,421.8,390.2,4.1,85.8
ERCOT,7/30/1986 15:00,305.6,0,638.7,398.8,4.6,90.4
ERCOT,7/30/1986 16:00,307.7,0,772.4,406.2,4.4,94.2
ERCOT,7/30/1986 17:00,309.5,0,897.1,414,3.7,97.4
ERCOT,7/30/1986 18:00,311,0,994.4,419.2,3.2,100.1
ERCOT,7/30/1986 19:00,312.2,0,1001.6,424.5,3.3,102.2
ERCOT,7/30/1986 20:00,312.9,0,945.4,428.1,3.6,103.6
ERCOT,7/30/1986 21:00,313.2,0,826.1,429.6,4,104.2
ERCOT,7/30/1986 22:00,313.1,0,652.4,429.5,4.2,103.9
ERCOT,7/30/1986 23:00,312.6,0,484.2,428.4,4.6,103
ERCOT,3/6/1989 0:00,271.8,0,92.5,222.2,8.3,29.6
ERCOT,3/6/1989 1:00,270.7,0,0.5,220.4,7.4,27.5
ERCOT,3/6/1989 2:00,270,0,0,217.8,7,26.3
ERCOT,3/6/1989 3:00,269.5,0,0,216.6,6.8,25.4
ERCOT,3/6/1989 4:00,269.1,0,0,216,6.6,24.7
ERCOT,3/6/1989 5:00,268.8,0,0,216.6,6.3,24.2
ERCOT,3/6/1989 6:00,268.6,0,0,217.3,6.1,23.8
ERCOT,3/6/1989 7:00,268.2,0,0,214.3,5.8,23.2
ERCOT,3/6/1989 8:00,267.8,0,0,213.7,5.4,22.4
ERCOT,3/6/1989 9:00,267.4,0,0,213.4,5.3,21.6
ERCOT,3/6/1989 10:00,267,0,0,213,5.4,20.9
ERCOT,3/6/1989 11:00,266.6,0,0,211.6,5.6,20.3
ERCOT,3/6/1989 12:00,266.3,0,0,209.7,5.7,19.7
ERCOT,3/6/1989 13:00,266,0,4,208.4,5.5,19.1
ERCOT,3/6/1989 14:00,267.1,0,200.2,207.8,6.1,21.2
ERCOT,3/6/1989 15:00,268.8,0,437.2,209.2,6.4,24.1
ERCOT,3/6/1989 16:00,270.6,0,646.5,211.7,6.4,27.3
ERCOT,3/6/1989 17:00,272.4,0,804.8,215,6.3,30.6
ERCOT,3/6/1989 18:00,274,0,890,221.3,6.3,33.6
ERCOT,3/6/1989 19:00,275.5,0,906.2,226.4,6.2,36.2
ERCOT,3/6/1989 20:00,276.6,0,850.6,230.3,6.3,38.2
ERCOT,3/6/1989 21:00,277.2,0,721.8,234.2,6.3,39.3
ERCOT,3/6/1989 22:00,277.4,0,527,240.2,6.2,39.6
ERCOT,3/6/1989 23:00,277,0,299.9,246.6,6,38.8
ERCOT,12/22/1989 0:00,272.4,0,0.3,302.3,7.3,30.7
ERCOT,12/22/1989 1:00,271.4,0,0,299.2,8,28.8
ERCOT,12/22/1989 2:00,270.2,0,0,294.5,8.2,26.6
ERCOT,12/22/1989 3:00,269,0,0,290.6,8.2,24.6
ERCOT,12/22/1989 4:00,268.2,0,0,287.5,7.9,23.1
ERCOT,12/22/1989 5:00,267.4,0,0,284.1,8.1,21.6
ERCOT,12/22/1989 6:00,266.4,0,0,274.4,8.1,19.9
ERCOT,12/22/1989 7:00,265.6,0,0,277.9,8.1,18.4
ERCOT,12/22/1989 8:00,264.6,0,0,274.2,8.2,16.6
ERCOT,12/22/1989 9:00,263.6,0,0,269.8,8.2,14.9
ERCOT,12/22/1989 10:00,262.8,0,0,260.1,8.3,13.4
ERCOT,12/22/1989 11:00,262,0,0,252.6,8.2,12
ERCOT,12/22/1989 12:00,261.3,0,0,243.3,8.2,10.7
ERCOT,12/22/1989 13:00,260.6,0,0,241.6,8.1,9.5
ERCOT,12/22/1989 14:00,260.2,0,28.5,238.2,7.8,8.7
ERCOT,12/22/1989 15:00,260.4,0,138.6,237.1,7.9,9
ERCOT,12/22/1989 16:00,261,0,301,229.4,7.9,10.1
ERCOT,12/22/1989 17:00,261.8,0,446.6,220.2,7.8,11.6
ERCOT,12/22/1989 18:00,262.7,0,535.1,214.9,7.6,13.3
ERCOT,12/22/1989 19:00,263.3,0,467.4,224.5,7.3,14.2
ERCOT,12/22/1989 20:00,263.5,0,388.8,229.1,7.2,14.6
ERCOT,12/22/1989 21:00,263.6,0,328.9,224.5,7.2,14.9
ERCOT,12/22/1989 22:00,263.5,0,212.8,221.4,7,14.6
ERCOT,12/22/1989 23:00,263,0,73.6,206.7,6.7,13.6
ERCOT,12/23/1989 0:00,262,0,0.4,201.1,6.1,12
ERCOT,12/23/1989 1:00,261.5,0,0,200.7,6.1,11.1
ERCOT,12/23/1989 2:00,260.9,0,0,192.4,5.8,10
ERCOT,12/23/1989 3:00,260.3,0,0,184.6,5.4,8.9
ERCOT,12/23/1989 4:00,259.7,0,0,179.8,5.2,7.7
ERCOT,12/23/1989 5:00,259,0,0,175.2,4.8,6.6
ERCOT,12/23/1989 6:00,258.4,0,0,172.8,4.4,5.5
ERCOT,12/23/1989 7:00,257.7,0,0,170.1,3.9,4.2
ERCOT,12/23/1989 8:00,257,0,0,167.5,3.5,3
ERCOT,12/23/1989 9:00,256.5,0,0,165.4,3.3,2.1
ERCOT,12/23/1989 10:00,256.2,0,0,163.9,3.2,1.4
ERCOT,12/23/1989 11:00,255.8,0,0,162.8,3.2,0.8
ERCOT,12/23/1989 12:00,255.6,0,0,162,3.2,0.4
ERCOT,12/23/1989 13:00,255.3,0,0,161.8,3,-0.1
ERCOT,12/23/1989 14:00,256.2,0,74.4,162,3,1.4
ERCOT,12/23/1989 15:00,259,0,281.1,164.1,3,6.6
ERCOT,12/23/1989 16:00,262,0,467.2,167.5,3.1,11.9
ERCOT,12/23/1989 17:00,264.3,0,603.4,171.3,3.2,16.1
ERCOT,12/23/1989 18:00,266.1,0,676.4,174.7,3.3,19.3
ERCOT,12/23/1989 19:00,267.5,0,679.8,178.8,3,21.8
ERCOT,12/23/1989 20:00,268.5,0,613.5,182.5,2.6,23.6
ERCOT,12/23/1989 21:00,269.1,0,483.4,185.6,2.6,24.7
ERCOT,12/23/1989 22:00,269.1,0,302.1,188.5,2.5,24.7
ERCOT,12/23/1989 23:00,267.8,0,94.7,190.6,2.3,22.4
ERCOT,12/24/1989 0:00,264.5,0,0.4,190.8,1.9,16.4
ERCOT,12/24/1989 1:00,263.4,0,0,192.2,1.7,14.5
ERCOT,12/24/1989 2:00,262.8,0,0,193.5,1.6,13.4
ERCOT,12/24/1989 3:00,262.4,0,0,194.7,1.7,12.7
ERCOT,12/24/1989 4:00,262.2,0,0,196,1.8,12.3
ERCOT,12/24/1989 5:00,262,0,0,197.4,1.8,11.9
ERCOT,12/24/1989 6:00,261.9,0,0,199.2,1.8,11.7
ERCOT,12/24/1989 7:00,261.8,0,0,201.4,2.1,11.6
ERCOT,12/24/1989 8:00,261.8,0,0,202.9,2.3,11.6
ERCOT,12/24/1989 9:00,261.8,0,0,204.1,2.4,11.6
ERCOT,12/24/1989 10:00,261.9,0,0,205.2,2.5,11.7
ERCOT,12/24/1989 11:00,262,0,0,206.2,2.6,11.9
ERCOT,12/24/1989 12:00,262.1,0,0,207.1,2.8,12.1
ERCOT,12/24/1989 13:00,262.1,0,0,208.8,2.9,12.1
ERCOT,12/24/1989 14:00,263.2,0,66.6,210.5,3.1,14.1
ERCOT,12/24/1989 15:00,266.3,0,261.8,214,3.8,19.6
ERCOT,12/24/1989 16:00,268.9,0,440.9,217.5,4.2,24.4
ERCOT,12/24/1989 17:00,271.3,0,573,221.2,4.3,28.7
ERCOT,12/24/1989 18:00,273.6,0,644.5,225.3,4.5,32.8
ERCOT,12/24/1989 19:00,275.4,0,649.1,229.3,4.6,36.1
ERCOT,12/24/1989 20:00,276.8,0,587.6,232,4.3,38.5
ERCOT,12/24/1989 21:00,277.6,0,463.5,234.4,4,40
ERCOT,12/24/1989 22:00,277.7,0,289.8,236.1,3.6,40.2
ERCOT,12/24/1989 23:00,275.5,0,91.2,236.4,2.4,36.2
ERCOT,6/27/1994 0:00,310.7,0,294.7,420.5,7.1,99.6
ERCOT,6/27/1994 1:00,308.7,0,90.9,414.8,6.6,96
ERCOT,6/27/1994 2:00,305.9,0,1.1,406.3,5.9,91
ERCOT,6/27/1994 3:00,304.2,0,0,399,6,87.9
ERCOT,6/27/1994 4:00,303,0,0,394,6,85.7
ERCOT,6/27/1994 5:00,302,0,0,390.4,6.1,83.9
ERCOT,6/27/1994 6:00,301,0,0,387.1,6.3,82.2
ERCOT,6/27/1994 7:00,300,0,0,381.6,6.1,80.4
ERCOT,6/27/1994 8:00,299.2,0,0,376.8,5.8,78.9
ERCOT,6/27/1994 9:00,298.6,0,0,372.9,5.5,77.7
ERCOT,6/27/1994 10:00,298,0,0,370.2,5.3,76.7
ERCOT,6/27/1994 11:00,297.5,0,0,371.6,5.1,75.8
ERCOT,6/27/1994 12:00,297.5,0,44.8,373.2,4.8,75.9
ERCOT,6/27/1994 13:00,299.4,0,222.8,378.5,5.3,79.3
ERCOT,6/27/1994 14:00,301.8,0,437.9,382.1,6.1,83.6
ERCOT,6/27/1994 15:00,304.3,0,659.1,385.5,6.7,88.1
ERCOT,6/27/1994 16:00,306.8,0,834,392.5,7.2,92.5
ERCOT,6/27/1994 17:00,308.9,0,959.8,399.5,7.6,96.4
ERCOT,6/27/1994 18:00,310.7,0,1029.6,405.1,7.7,99.5
ERCOT,6/27/1994 19:00,312,0,1037.7,409.6,7.7,101.9
ERCOT,6/27/1994 20:00,312.8,0,984.1,412.4,7.7,103.4
ERCOT,6/27/1994 21:00,313.2,0,872.3,414,7.8,104.1
ERCOT,6/27/1994 22:00,313,0,710.6,414.2,7.8,103.8
ERCOT,6/27/1994 23:00,312.4,0,511.7,412.6,7.8,102.6
ERCOT,6/28/1994 0:00,311.1,0,296.1,409.1,7.7,100.3
ERCOT,6/28/1994 1:00,308.9,0,90.5,404.2,6.9,96.4
ERCOT,6/28/1994 2:00,306.1,0,1,396.5,6.1,91.3
ERCOT,6/28/1994 3:00,304.3,0,0,389.5,6.2,88
ERCOT,6/28/1994 4:00,302.9,0,0,384,6.1,85.5
ERCOT,6/28/1994 5:00,301.7,0,0,380.1,5.8,83.5
ERCOT,6/28/1994 6:00,300.8,0,0,377.3,5.8,81.8
ERCOT,6/28/1994 7:00,299.9,0,0,375,5.7,80.2
ERCOT,6/28/1994 8:00,299.2,0,0,376.2,5.4,78.9
ERCOT,6/28/1994 9:00,298.6,0,0,377.1,5.1,77.8
ERCOT,6/28/1994 10:00,298,0,0,379.1,4.8,76.8
ERCOT,6/28/1994 11:00,297.5,0,0,380.1,4.6,75.9
ERCOT,6/28/1994 12:00,297.5,0,39.8,378.7,4.6,75.8
ERCOT,6/28/1994 13:00,299.4,0,215.3,381.2,4.9,79.2
ERCOT,6/28/1994 14:00,302,0,438.7,384.4,5.6,83.9
ERCOT,6/28/1994 15:00,304.6,0,645.9,391.5,6.2,88.7
ERCOT,6/28/1994 16:00,307.2,0,823.3,398.7,6.6,93.2
ERCOT,6/28/1994 17:00,309.4,0,950.1,405.6,6.8,97.3
ERCOT,6/28/1994 18:00,311.2,0,959.2,416.8,6.7,100.4
ERCOT,6/28/1994 19:00,312.4,0,942.9,422.5,6.6,102.7
ERCOT,6/28/1994 20:00,313.4,0,914.7,424.1,6.3,104.4
ERCOT,6/28/1994 21:00,314,0,837.2,423.5,6.2,105.4
ERCOT,6/28/1994 22:00,314,0,688.8,422.8,6.2,105.5
ERCOT,6/28/1994 23:00,313.4,0,497,421.7,6.1,104.5
ERCOT,7/27/1995 0:00,310.6,0,267.6,427.8,4.5,99.4
ERCOT,7/27/1995 1:00,308.6,0,67.8,423.1,4.2,95.8
ERCOT,7/27/1995 2:00,305.9,0,0.3,414.2,4,91
ERCOT,7/27/1995 3:00,304.3,0,0,406.2,4.1,88.1
ERCOT,7/27/1995 4:00,302.9,0,0,400.2,4,85.6
ERCOT,7/27/1995 5:00,301.6,0,0,395.2,3.8,83.3
ERCOT,7/27/1995 6:00,300.5,0,0,390.9,3.7,81.3
ERCOT,7/27/1995 7:00,299.6,0,0,387.8,3.6,79.6
ERCOT,7/27/1995 8:00,298.8,0,0,384.6,3.6,78.2
ERCOT,7/27/1995 9:00,298.2,0,0,381.8,3.5,77
ERCOT,7/27/1995 10:00,297.5,0,0,378.3,3.4,75.9
ERCOT,7/27/1995 11:00,297,0,0,376.3,3.2,74.9
ERCOT,7/27/1995 12:00,296.7,0,12.7,374.8,3,74.4
ERCOT,7/27/1995 13:00,299.2,0,189.3,378,3.3,79
ERCOT,7/27/1995 14:00,302.4,0,407.3,386.2,4.6,84.7
ERCOT,7/27/1995 15:00,305,0,616.6,394.1,5.3,89.3
ERCOT,7/27/1995 16:00,307.2,0,795.5,401.7,5.2,93.4
ERCOT,7/27/1995 17:00,309.3,0,927.8,409.2,4.8,97.1
ERCOT,7/27/1995 18:00,311,0,1003.2,415.5,4.4,100.1
ERCOT,7/27/1995 19:00,312.2,0,1015.8,420.2,4.2,102.3
ERCOT,7/27/1995 20:00,313,0,964.2,423.7,4,103.8
ERCOT,7/27/1995 21:00,313.5,0,853.4,426,4.1,104.6
ERCOT,7/27/1995 22:00,313.4,0,691.4,426.7,4.3,104.5
ERCOT,7/27/1995 23:00,313,0,491.9,426.2,4.6,103.7
ERCOT,7/28/1995 0:00,311.9,0,271,424.7,4.8,101.7
ERCOT,7/28/1995 1:00,309.5,0,65.4,420.5,4.5,97.4
ERCOT,7/28/1995 2:00,306.3,0,0.2,410.9,4,91.7
ERCOT,7/28/1995 3:00,304.5,0,0,402.1,3.8,88.4
ERCOT,7/28/1995 4:00,303.1,0,0,395.8,3.6,85.8
ERCOT,7/28/1995 5:00,301.8,0,0,390.8,3.5,83.6
ERCOT,7/28/1995 6:00,300.6,0,0,386.5,3.2,81.4
ERCOT,7/28/1995 7:00,299.5,0,0,382.6,3,79.4
ERCOT,7/28/1995 8:00,298.5,0,0,379.4,2.8,77.6
ERCOT,7/28/1995 9:00,297.7,0,0,376.8,2.7,76.2
ERCOT,7/28/1995 10:00,297.1,0,0,374.7,2.6,75.1
ERCOT,7/28/1995 11:00,296.5,0,0,373,2.6,74.1
ERCOT,7/28/1995 12:00,296.5,0,11.8,372.1,2.6,74
ERCOT,7/28/1995 13:00,299.3,0,188.9,375.6,3.1,79.1
ERCOT,7/28/1995 14:00,302.9,0,407.4,385.9,4.2,85.5
ERCOT,7/28/1995 15:00,305.8,0,616.5,395.6,4.7,90.8
ERCOT,7/28/1995 16:00,308.2,0,795,404.2,4.6,95.1
ERCOT,7/28/1995 17:00,310.2,0,927.4,411.5,4,98.7
ERCOT,7/28/1995 18:00,311.8,0,1002.5,418,3.3,101.5
ERCOT,7/28/1995 19:00,313,0,1014.5,423.4,2.8,103.6
ERCOT,7/28/1995 20:00,313.8,0,962.9,427.5,2.3,105.2
ERCOT,7/28/1995 21:00,314.3,0,851.5,430.2,2.2,106.1
ERCOT,7/28/1995 22:00,314.3,0,689.2,431.2,2.5,106.1
ERCOT,7/28/1995 23:00,313.8,0,489.6,430.4,3.1,105.2
ERCOT,2/3/1996 0:00,270.8,0,13.3,246,5.8,27.8
ERCOT,2/3/1996 1:00,269.8,0,0,242,5.5,26
ERCOT,2/3/1996 2:00,269.2,0,0,238.2,5.6,24.8
ERCOT,2/3/1996 3:00,268.5,0,0,228.8,5.5,23.6
ERCOT,2/3/1996 4:00,267.9,0,0,224.3,5.5,22.5
ERCOT,2/3/1996 5:00,267.2,0,0,219.2,5.4,21.2
ERCOT,2/3/1996 6:00,266.5,0,0,217.5,5.3,20
ERCOT,2/3/1996 7:00,265.9,0,0,217.3,5.2,18.9
ERCOT,2/3/1996 8:00,265.4,0,0,216.9,5.1,18
ERCOT,2/3/1996 9:00,264.9,0,0,218.1,5.1,17.2
ERCOT,2/3/1996 10:00,264.5,0,0,220.7,5.1,16.4
ERCOT,2/3/1996 11:00,264.2,0,0,222.7,5.1,15.9
ERCOT,2/3/1996 12:00,263.8,0,0,222,5,15.2
ERCOT,2/3/1996 13:00,263.7,0,0,233.6,4.9,14.9
ERCOT,2/3/1996 14:00,263.9,0,63,236.1,5.2,15.4
ERCOT,2/3/1996 15:00,264.9,0,254.8,228,5.5,17.1
ERCOT,2/3/1996 16:00,266.2,0,442.9,225.6,5.4,19.5
ERCOT,2/3/1996 17:00,267.7,0,623.1,218.5,5.4,22.2
ERCOT,2/3/1996 18:00,269.1,0,725.6,216.5,5.3,24.7
ERCOT,2/3/1996 19:00,270.2,0,733.6,221.5,5.1,26.8
ERCOT,2/3/1996 20:00,271,0,659.2,228.8,5.1,28.1
ERCOT,2/3/1996 21:00,271.6,0,595.8,217.5,5.1,29.2
ERCOT,2/3/1996 22:00,271.7,0,430.1,215.2,5.1,29.4
ERCOT,2/3/1996 23:00,271.2,0,218.8,214,5,28.4
ERCOT,2/4/1996 0:00,269.4,0,17.3,212.6,4.2,25.2
ERCOT,2/4/1996 1:00,268.1,0,0,209.9,3.9,22.9
ERCOT,2/4/1996 2:00,267.1,0,0,207.9,3.6,21.1
ERCOT,2/4/1996 3:00,266.3,0,0,206.6,3.4,19.6
ERCOT,2/4/1996 4:00,265.7,0,0,205.4,3.3,18.6
ERCOT,2/4/1996 5:00,265.1,0,0,202.9,3.2,17.5
ERCOT,2/4/1996 6:00,264.6,0,0,201.3,3,16.6
ERCOT,2/4/1996 7:00,264.1,0,0,201.9,2.7,15.8
ERCOT,2/4/1996 8:00,263.9,0,0,202.6,2.8,15.3
ERCOT,2/4/1996 9:00,263.6,0,0,202.7,2.7,14.7
ERCOT,2/4/1996 10:00,263.3,0,0,202.3,2.8,14.2
ERCOT,2/4/1996 11:00,262.9,0,0,199.5,2.9,13.6
ERCOT,2/4/1996 12:00,262.6,0,0,197.7,2.8,13
ERCOT,2/4/1996 13:00,262.3,0,0,197.2,2.8,12.5
ERCOT,2/4/1996 14:00,263.4,0,90.2,191.6,2.9,14.4
ERCOT,2/4/1996 15:00,266.2,0,314.9,192.8,3.2,19.5
ERCOT,2/4/1996 16:00,268.7,0,520.2,195.9,3.5,23.9
ERCOT,2/4/1996 17:00,270.3,0,675.8,199,3.5,26.9
ERCOT,2/4/1996 18:00,271.7,0,769.3,202.2,3.3,29.3
ERCOT,2/4/1996 19:00,272.8,0,791.6,205.5,3.1,31.4
ERCOT,2/4/1996 20:00,273.6,0,741,208.4,3,32.9
ERCOT,2/4/1996 21:00,274.2,0,622.7,210.7,3.2,33.8
ERCOT,2/4/1996 22:00,274.3,0,446.4,212.4,3.4,34
ERCOT,2/4/1996 23:00,273.8,0,230.7,213.4,3.5,33.2
ERCOT,1/12/1997 0:00,271.3,0,1.8,263.7,4.9,28.7
ERCOT,1/12/1997 1:00,270.8,0,0,263.2,5,27.7
ERCOT,1/12/1997 2:00,270.2,0,0,262.6,5.3,26.7
ERCOT,1/12/1997 3:00,269.7,0,0,264.5,5.5,25.8
ERCOT,1/12/1997 4:00,269.3,0,0,265,5.5,25.1
ERCOT,1/12/1997 5:00,269,0,0,266.2,5.5,24.5
ERCOT,1/12/1997 6:00,268.7,0,0,266.6,5.6,24
ERCOT,1/12/1997 7:00,268.4,0,0,268.2,5.7,23.4
ERCOT,1/12/1997 8:00,268,0,0,267.7,5.8,22.8
ERCOT,1/12/1997 9:00,267.7,0,0,267.2,6,22.1
ERCOT,1/12/1997 10:00,267.4,0,0,271,6.4,21.6
ERCOT,1/12/1997 11:00,267.1,0,0,271.7,6.5,21
ERCOT,1/12/1997 12:00,266.7,0,0,268.3,6.5,20.4
ERCOT,1/12/1997 13:00,266.4,0,0,267.7,6.4,19.9
ERCOT,1/12/1997 14:00,266.3,0,19.3,266.4,6.5,19.7
ERCOT,1/12/1997 15:00,266.6,0,116.3,264.6,6.9,20.2
ERCOT,1/12/1997 16:00,267.1,0,212.1,265.1,7,21.1
ERCOT,1/12/1997 17:00,267.6,0,280.5,265.8,7,22.1
ERCOT,1/12/1997 18:00,268.2,0,315.8,267.5,7,23.1
ERCOT,1/12/1997 19:00,268.6,0,314.2,269.6,7,23.7
ERCOT,1/12/1997 20:00,268.7,0,262.6,274,6.8,24
ERCOT,1/12/1997 21:00,268.7,0,167.5,284.8,6.9,24
ERCOT,1/12/1997 22:00,268.4,0,85.3,287.9,6.8,23.5
ERCOT,1/12/1997 23:00,268.1,0,34.9,288.3,6.8,22.9
ERCOT,1/13/1997 0:00,267.7,0,2,288.1,6.8,22.2
ERCOT,1/13/1997 1:00,267.6,0,0,287.8,6.9,22
ERCOT,1/13/1997 2:00,267.5,0,0,287.8,6.8,21.9
ERCOT,1/13/1997 3:00,267.4,0,0,288.4,6.9,21.6
ERCOT,1/13/1997 4:00,267.2,0,0,288.2,6.8,21.3
ERCOT,1/13/1997 5:00,267,0,0,288.2,6.9,20.9
ERCOT,1/13/1997 6:00,266.8,0,0,288.1,6.8,20.5
ERCOT,1/13/1997 7:00,266.6,0,0,286.6,6.7,20.2
ERCOT,1/13/1997 8:00,266.4,0,0,286,6.5,19.8
ERCOT,1/13/1997 9:00,266.2,0,0,286,6.7,19.5
ERCOT,1/13/1997 10:00,266.1,0,0,285,6.7,19.3
ERCOT,1/13/1997 11:00,266,0,0,285.7,6.6,19.1
ERCOT,1/13/1997 12:00,265.9,0,0,286.1,6.6,19
ERCOT,1/13/1997 13:00,265.9,0,0,283.7,6.5,18.9
ERCOT,1/13/1997 14:00,265.9,0,15.8,282.6,6.5,19
ERCOT,1/13/1997 15:00,266.3,0,77,283.3,6.5,19.7
ERCOT,1/13/1997 16:00,266.9,0,142.1,284.8,6.4,20.8
ERCOT,1/13/1997 17:00,267.6,0,204.7,282.8,6.3,21.9
ERCOT,1/13/1997 18:00,268.4,0,264.8,280,6.2,23.4
ERCOT,1/13/1997 19:00,269.1,0,286.8,281.6,6.2,24.7
ERCOT,1/13/1997 20:00,269.6,0,265.1,285.4,6,25.6
ERCOT,1/13/1997 21:00,269.7,0,171.8,291.4,5.9,25.7
ERCOT,1/13/1997 22:00,269.5,0,95.6,293.8,5.7,25.5
ERCOT,1/13/1997 23:00,269.3,0,36.6,294.3,5.5,25
ERCOT,7/12/1998 0:00,311.4,0,291.3,421.8,5.6,100.8
ERCOT,7/12/1998 1:00,309.3,0,86.3,418,5.1,97
ERCOT,7/12/1998 2:00,306,0,0.8,409.9,4.5,91.2
ERCOT,7/12/1998 3:00,304.1,0,0,402.4,4.4,87.7
ERCOT,7/12/1998 4:00,302.6,0,0,396.6,4,84.9
ERCOT,7/12/1998 5:00,301.4,0,0,391.7,3.8,82.8
ERCOT,7/12/1998 6:00,300.5,0,0,387.2,3.7,81.2
ERCOT,7/12/1998 7:00,299.8,0,0,385,3.7,79.9
ERCOT,7/12/1998 8:00,299.3,0,0,384.4,4,79.1
ERCOT,7/12/1998 9:00,298.7,0,0,383.6,3.9,78
ERCOT,7/12/1998 10:00,298.2,0,0,383.1,3.8,77.1
ERCOT,7/12/1998 11:00,297.8,0,0,381.7,3.8,76.3
ERCOT,7/12/1998 12:00,297.8,0,29.9,381.5,3.7,76.3
ERCOT,7/12/1998 13:00,300,0,214,383.8,4.3,80.3
ERCOT,7/12/1998 14:00,302.9,0,424.4,392.9,5.2,85.6
ERCOT,7/12/1998 15:00,305.5,0,625.7,402.1,5.8,90.2
ERCOT,7/12/1998 16:00,307.8,0,799.3,411.3,5.6,94.4
ERCOT,7/12/1998 17:00,309.8,0,928.7,419.9,5.3,98
ERCOT,7/12/1998 18:00,311.5,0,996.8,427.6,5,101
ERCOT,7/12/1998 19:00,312.6,0,1001.2,433.9,4.7,103.1
ERCOT,7/12/1998 20:00,313.4,0,958.5,437.1,4.6,104.4
ERCOT,7/12/1998 21:00,313.8,0,849.2,439.4,4.6,105.1
ERCOT,7/12/1998 22:00,313.7,0,689.6,440.2,4.5,105.1
ERCOT,7/12/1998 23:00,313.2,0,493,439.2,4.7,104.1
ERCOT,9/2/2000 0:00,309.4,0,94.2,430.4,3.6,97.2
ERCOT,9/2/2000 1:00,305.8,0,1.5,421.8,3.3,90.9
ERCOT,9/2/2000 2:00,304.4,0,0,419.8,2.8,88.2
ERCOT,9/2/2000 3:00,303.4,0,0,413.4,2.9,86.5
ERCOT,9/2/2000 4:00,302.1,0,0,404.3,2.8,84.1
ERCOT,9/2/2000 5:00,301.3,0,0,401.2,2.7,82.6
ERCOT,9/2/2000 6:00,300.4,0,0,398.6,2.6,81
ERCOT,9/2/2000 7:00,299.3,0,0,392.4,2.4,79.1
ERCOT,9/2/2000 8:00,298.4,0,0,388.6,2.2,77.5
ERCOT,9/2/2000 9:00,297.9,0,0,387.4,2.3,76.5
ERCOT,9/2/2000 10:00,297.4,0,0,386,2.4,75.7
ERCOT,9/2/2000 11:00,297,0,0,381.6,2.5,74.9
ERCOT,9/2/2000 12:00,296.5,0,0,379.9,2.4,74.1
ERCOT,9/2/2000 13:00,298.8,0,129.2,381.5,2.2,78.1
ERCOT,9/2/2000 14:00,303,0,342.8,393.2,3.2,85.7
ERCOT,9/2/2000 15:00,306.3,0,561.9,403.4,4.2,91.6
ERCOT,9/2/2000 16:00,308.9,0,741.2,413.2,4.2,96.3
ERCOT,9/2/2000 17:00,310.5,0,855.3,420.7,3.7,99.3
ERCOT,9/2/2000 18:00,311.6,0,884.3,427.2,3.3,101.2
ERCOT,9/2/2000 19:00,312.3,0,881.2,429.9,3,102.5
ERCOT,9/2/2000 20:00,312.8,0,846.9,428.9,2.6,103.4
ERCOT,9/2/2000 21:00,313,0,716.2,430,2.4,103.7
ERCOT,9/2/2000 22:00,312.8,0,564.5,430.4,2.5,103.4
ERCOT,9/2/2000 23:00,312.1,0,360.1,429.2,2.6,102.2
ERCOT,9/3/2000 0:00,310.6,0,141,428.3,2.9,99.5
ERCOT,9/3/2000 1:00,306.8,0,1.3,419.7,3,92.5
ERCOT,9/3/2000 2:00,304.9,0,0,410.4,3.3,89.2
ERCOT,9/3/2000 3:00,303.4,0,0,403,3.2,86.5
ERCOT,9/3/2000 4:00,302.1,0,0,397.7,3,84.1
ERCOT,9/3/2000 5:00,301,0,0,393.9,2.7,82.2
ERCOT,9/3/2000 6:00,300.2,0,0,391.4,2.5,80.7
ERCOT,9/3/2000 7:00,299.4,0,0,388.3,2.5,79.3
ERCOT,9/3/2000 8:00,298.8,0,0,386.1,2.5,78.2
ERCOT,9/3/2000 9:00,298.2,0,0,384.4,2.4,77.1
ERCOT,9/3/2000 10:00,297.7,0,0,383.9,2.4,76.2
ERCOT,9/3/2000 11:00,297.4,0,0,386.6,2.5,75.6
ERCOT,9/3/2000 12:00,296.8,0,0,383.8,2.3,74.6
ERCOT,9/3/2000 13:00,298.5,0,105,381.1,2.1,77.7
ERCOT,9/3/2000 14:00,302.9,0,331.7,388.6,3.1,85.6
ERCOT,9/3/2000 15:00,306.6,0,544.2,399.4,3.9,92.2
ERCOT,9/3/2000 16:00,309.3,0,731.4,408.7,3.8,97.1
ERCOT,9/3/2000 17:00,311.3,0,866.6,416.2,3.4,100.7
ERCOT,9/3/2000 18:00,312.7,0,937.8,421.3,2.8,103.2
ERCOT,9/3/2000 19:00,313.6,0,941.9,424.6,2.3,104.8
ERCOT,9/3/2000 20:00,314.1,0,872.4,427.3,2.1,105.8
ERCOT,9/3/2000 21:00,314.4,0,744.6,428.7,2.2,106.2
ERCOT,9/3/2000 22:00,314.1,0,529.1,432.2,2.2,105.6
ERCOT,9/3/2000 23:00,313.4,0,321.6,432.1,2.3,104.4
ERCOT,9/4/2000 0:00,311.7,0,116.8,427.9,2.9,101.4
ERCOT,9/4/2000 1:00,307.7,0,1.9,419.4,3.1,94.2
ERCOT,9/4/2000 2:00,305.7,0,0,409.9,3,90.6
ERCOT,9/4/2000 3:00,304.2,0,0,403.8,2.9,87.9
ERCOT,9/4/2000 4:00,303,0,0,399.3,2.7,85.6
ERCOT,9/4/2000 5:00,301.8,0,0,394.9,2.6,83.5
ERCOT,9/4/2000 6:00,300.7,0,0,390.6,2.3,81.6
ERCOT,9/4/2000 7:00,299.7,0,0,386.5,2.4,79.7
ERCOT,9/4/2000 8:00,298.8,0,0,383.1,2.3,78.1
ERCOT,9/4/2000 9:00,298,0,0,380.4,2.2,76.7
ERCOT,9/4/2000 10:00,297.4,0,0,377.8,2.3,75.6
ERCOT,9/4/2000 11:00,296.8,0,0,375.6,2.3,74.6
ERCOT,9/4/2000 12:00,296.3,0,0,373.6,2.1,73.6
ERCOT,9/4/2000 13:00,298.6,0,143.5,374.4,2,77.8
ERCOT,9/4/2000 14:00,303.5,0,371,387.6,2.4,86.6
ERCOT,9/4/2000 15:00,307.8,0,583.2,400.4,3,94.4
ERCOT,9/4/2000 16:00,311.2,0,758.9,411.6,3.1,100.4
ERCOT,9/4/2000 17:00,313.4,0,882.5,419.6,2.9,104.4
ERCOT,9/4/2000 18:00,314.5,0,937.1,423.5,2.6,106.5
ERCOT,9/4/2000 19:00,315.4,0,942.6,427.3,3,108
ERCOT,9/4/2000 20:00,315.8,0,874.9,430.6,3.5,108.9
ERCOT,9/4/2000 21:00,315.9,0,712.5,435.9,3.8,108.9
ERCOT,9/4/2000 22:00,315.5,0,547.2,434.4,4.1,108.3
ERCOT,9/4/2000 23:00,314.6,0,345.1,432,4.6,106.5
ERCOT,9/5/2000 0:00,312.8,0,132.4,428.2,4.7,103.3
ERCOT,9/5/2000 1:00,308.6,0,2.2,419.9,3.7,95.9
ERCOT,9/5/2000 2:00,306.3,0,0,413,3,91.7
ERCOT,9/5/2000 3:00,304.8,0,0,408.3,2.7,88.9
ERCOT,9/5/2000 4:00,303.5,0,0,402.4,2.8,86.7
ERCOT,9/5/2000 5:00,302.6,0,0,396.5,3,84.9
ERCOT,9/5/2000 6:00,301.6,0,0,391.2,2.8,83.2
ERCOT,9/5/2000 7:00,300.6,0,0,387.2,2.5,81.4
ERCOT,9/5/2000 8:00,299.6,0,0,383.6,2.4,79.6
ERCOT,9/5/2000 9:00,298.8,0,0,380.4,2.4,78.2
ERCOT,9/5/2000 10:00,297.9,0,0,378.1,2.1,76.6
ERCOT,9/5/2000 11:00,297.3,0,0,376.5,1.9,75.5
ERCOT,9/5/2000 12:00,296.9,0,0,375.1,1.8,74.7
ERCOT,9/5/2000 13:00,299.3,0,141.4,376.1,2,79
ERCOT,9/5/2000 14:00,304.3,0,361.6,389.9,2.4,88.1
ERCOT,9/5/2000 15:00,308.8,0,571.2,403.1,3.5,96.1
ERCOT,9/5/2000 16:00,311.3,0,751.4,412.3,3.9,100.7
ERCOT,9/5/2000 17:00,312.8,0,874.8,418.4,3.4,103.4
ERCOT,9/5/2000 18:00,314,0,938.3,423.5,3.2,105.5
ERCOT,9/5/2000 19:00,314.9,0,934.6,427.2,3.6,107.1
ERCOT,9/5/2000 20:00,315.3,0,862.3,429.4,4.3,107.9
ERCOT,9/5/2000 21:00,315.4,0,725.7,431.4,5.1,108.1
ERCOT,9/5/2000 22:00,315,0,527.5,434,5.5,107.3
ERCOT,9/5/2000 23:00,314.1,0,335.2,431.4,5.5,105.7
ERCOT,8/7/2003 0:00,311.2,0,227,422,5.1,100.6
ERCOT,8/7/2003 1:00,308.6,0,37.5,417.3,4.8,95.8
ERCOT,8/7/2003 2:00,305.7,0,0,408.2,4.4,90.6
ERCOT,8/7/2003 3:00,304,0,0,399.6,4.3,87.6
ERCOT,8/7/2003 4:00,302.7,0,0,393.7,4.1,85.2
ERCOT,8/7/2003 5:00,301.4,0,0,389.6,3.7,82.9
ERCOT,8/7/2003 6:00,300.2,0,0,385.9,3.2,80.6
ERCOT,8/7/2003 7:00,299,0,0,382.4,2.8,78.5
ERCOT,8/7/2003 8:00,298,0,0,379.9,2.4,76.8
ERCOT,8/7/2003 9:00,297.3,0,0,377.5,2.2,75.4
ERCOT,8/7/2003 10:00,296.7,0,0,376.5,2.1,74.4
ERCOT,8/7/2003 11:00,296.2,0,0,373.6,2.1,73.5
ERCOT,8/7/2003 12:00,295.8,0,6.7,371.4,2.2,72.8
ERCOT,8/7/2003 13:00,298.7,0,177.5,374.3,2.3,78
ERCOT,8/7/2003 14:00,302.8,0,406.1,385.3,3.1,85.4
ERCOT,8/7/2003 15:00,306,0,612.8,394.3,3.7,91
ERCOT,8/7/2003 16:00,308.4,0,793.1,402.3,3.7,95.4
ERCOT,8/7/2003 17:00,310.2,0,918.4,408.5,3.5,98.7
ERCOT,8/7/2003 18:00,311.7,0,993.3,413.9,3.2,101.4
ERCOT,8/7/2003 19:00,312.9,0,1003,418.7,3.2,103.5
ERCOT,8/7/2003 20:00,313.7,0,943.6,423.1,3.3,105
ERCOT,8/7/2003 21:00,314.2,0,819.8,426.5,3.4,105.9
ERCOT,8/7/2003 22:00,314.3,0,649,428.1,3.7,106.1
ERCOT,8/7/2003 23:00,313.7,0,445.3,428.1,3.8,105
ERCOT,8/8/2003 0:00,312.5,0,223.8,426.5,3.8,102.8
ERCOT,8/8/2003 1:00,309.4,0,30.5,422.3,3.6,97.2
ERCOT,8/8/2003 2:00,306.3,0,0,413.1,3.5,91.6
ERCOT,8/8/2003 3:00,304.5,0,0,406.5,3.3,88.4
ERCOT,8/8/2003 4:00,303.1,0,0,401.4,3.1,85.9
ERCOT,8/8/2003 5:00,302,0,0,397.3,3.1,84
ERCOT,8/8/2003 6:00,301.1,0,0,393.8,3.2,82.3
ERCOT,8/8/2003 7:00,300.1,0,0,390.5,3.1,80.5
ERCOT,8/8/2003 8:00,299.3,0,0,387.7,2.9,79
ERCOT,8/8/2003 9:00,298.4,0,0,385,2.6,77.4
ERCOT,8/8/2003 10:00,297.6,0,0,382.6,2.3,76
ERCOT,8/8/2003 11:00,296.9,0,0,380.4,2.2,74.8
ERCOT,8/8/2003 12:00,296.6,0,7,378.4,2.3,74.3
ERCOT,8/8/2003 13:00,299.4,0,175.5,381.2,2.6,79.2
ERCOT,8/8/2003 14:00,303.3,0,390.6,391.9,3.8,86.3
ERCOT,8/8/2003 15:00,306.4,0,594.8,401.5,4.2,91.8
ERCOT,8/8/2003 16:00,308.8,0,772.4,409.9,3.9,96.2
ERCOT,8/8/2003 17:00,310.7,0,922.8,418.3,3.3,99.5
ERCOT,8/8/2003 18:00,312,0,987.6,423.4,2.9,101.9
ERCOT,8/8/2003 19:00,313,0,978.5,428.4,2.8,103.6
ERCOT,8/8/2003 20:00,313.5,0,910.1,432.1,2.9,104.7
ERCOT,8/8/2003 21:00,313.7,0,778.8,435,3.1,105
ERCOT,8/8/2003 22:00,313.6,0,612,435.6,3.4,104.7
ERCOT,8/8/2003 23:00,312.9,0,410.7,434.4,3.8,103.6
ERCOT,1/8/2010 0:00,269.9,0,0.4,221.5,8.2,26.1
ERCOT,1/8/2010 1:00,269.3,0,0,219.4,7.8,25.1
ERCOT,1/8/2010 2:00,268.8,0,0,219.1,7.6,24.2
ERCOT,1/8/2010 3:00,268.3,0,0,220.3,7.3,23.2
ERCOT,1/8/2010 4:00,267.8,0,0,221.7,7.3,22.4
ERCOT,1/8/2010 5:00,267.4,0,0,221.7,7.3,21.6
ERCOT,1/8/2010 6:00,266.9,0,0,219.7,7.2,20.8
ERCOT,1/8/2010 7:00,266.5,0,0,223.6,6.9,20.1
ERCOT,1/8/2010 8:00,266.2,0,0,226.1,6.9,19.4
ERCOT,1/8/2010 9:00,265.8,0,0,222.9,7,18.7
ERCOT,1/8/2010 10:00,265.3,0,0,218.3,7,17.9
ERCOT,1/8/2010 11:00,264.9,0,0,217.5,7,17.2
ERCOT,1/8/2010 12:00,264.6,0,0,219.3,7.1,16.6
ERCOT,1/8/2010 13:00,264.3,0,0,223.9,6.9,16.1
ERCOT,1/8/2010 14:00,264.3,0,46.4,225.8,6.7,16.1
ERCOT,1/8/2010 15:00,265,0,192.2,224.8,6.9,17.3
ERCOT,1/8/2010 16:00,266,0,357,222.5,7,19.1
ERCOT,1/8/2010 17:00,267.2,0,483.8,222.8,6.9,21.2
ERCOT,1/8/2010 18:00,268.3,0,549.5,226.4,6.7,23.3
ERCOT,1/8/2010 19:00,269.1,0,527.3,235.7,6.5,24.8
ERCOT,1/8/2010 20:00,269.8,0,490.3,233.4,6.2,25.9
ERCOT,1/8/2010 21:00,270.1,0,402.9,229.2,6,26.6
ERCOT,1/8/2010 22:00,270.1,0,261.9,226,5.8,26.5
ERCOT,1/8/2010 23:00,269.5,0,101,222.2,5.4,25.4
ERCOT,1/9/2010 0:00,268.2,0,1.4,218.6,4.6,23.2
ERCOT,1/9/2010 1:00,267.7,0,0,215.9,4.1,22.1
ERCOT,1/9/2010 2:00,267.1,0,0,211,3.6,21.2
ERCOT,1/9/2010 3:00,266.6,0,0,207.1,3,20.2
ERCOT,1/9/2010 4:00,266.1,0,0,201.2,2.6,19.3
ERCOT,1/9/2010 5:00,265.7,0,0,198.6,2.5,18.6
ERCOT,1/9/2010 6:00,265.4,0,0,196.5,2.4,18.1
ERCOT,1/9/2010 7:00,265.2,0,0,195.3,2.2,17.6
ERCOT,1/9/2010 8:00,264.8,0,0,193.3,2.2,17.1
ERCOT,1/9/2010 9:00,264.5,0,0,190.8,2.2,16.5
ERCOT,1/9/2010 10:00,264.3,0,0,190,2.2,16.1
ERCOT,1/9/2010 11:00,264.1,0,0,190.1,2.2,15.7
ERCOT,1/9/2010 12:00,263.9,0,0,190.5,2,15.4
ERCOT,1/9/2010 13:00,263.8,0,0,191.1,1.9,15.1
ERCOT,1/9/2010 14:00,264.7,0,88.3,191.8,1.8,16.7
ERCOT,1/9/2010 15:00,267.4,0,261.8,194.4,1.4,21.6
ERCOT,1/9/2010 16:00,270.5,0,456.3,199.2,1.5,27.3
ERCOT,1/9/2010 17:00,273,0,600.3,203.5,1.8,31.7
ERCOT,1/9/2010 18:00,274.5,0,682.8,206.9,2,34.4
ERCOT,1/9/2010 19:00,275.6,0,696.4,210.2,1.9,36.4
ERCOT,1/9/2010 20:00,276.4,0,637.1,213,1.8,37.8
ERCOT,1/9/2010 21:00,276.7,0,509,215.3,2,38.4
ERCOT,1/9/2010 22:00,276.5,0,321.8,216.8,2.3,38
ERCOT,1/9/2010 23:00,274.9,0,103.7,217.1,2.3,35.2
ERCOT,1/10/2010 0:00,271.6,0,1.7,215.1,2,29.2
ERCOT,1/10/2010 1:00,270.3,0,0,212.7,1.8,26.8
ERCOT,1/10/2010 2:00,269.5,0,0,211.3,1.7,25.4
ERCOT,1/10/2010 3:00,268.9,0,0,210.4,1.7,24.4
ERCOT,1/10/2010 4:00,268.6,0,0,209,1.8,23.7
ERCOT,1/10/2010 5:00,268.3,0,0,208,1.8,23.2
ERCOT,1/10/2010 6:00,268,0,0,207,1.9,22.7
ERCOT,1/10/2010 7:00,267.7,0,0,205.8,1.9,22.2
ERCOT,1/10/2010 8:00,267.4,0,0,204.9,2,21.7
ERCOT,1/10/2010 9:00,267.2,0,0,204,2,21.2
ERCOT,1/10/2010 10:00,266.9,0,0,203.2,2,20.7
ERCOT,1/10/2010 11:00,266.6,0,0,203.1,1.9,20.2
ERCOT,1/10/2010 12:00,266.3,0,0,203.1,1.9,19.7
ERCOT,1/10/2010 13:00,266.1,0,0,203.3,1.8,19.3
ERCOT,1/10/2010 14:00,267,0,81.5,203.2,1.8,20.9
ERCOT,1/10/2010 15:00,269.8,0,300.6,204.6,1.6,26
ERCOT,1/10/2010 16:00,272.6,0,460,208.3,1.8,31.1
ERCOT,1/10/2010 17:00,274.8,0,600.5,212.4,2,35
ERCOT,1/10/2010 18:00,276.6,0,682.6,216.2,2.1,38.1
ERCOT,1/10/2010 19:00,277.8,0,695.2,220,2.2,40.4
ERCOT,1/10/2010 20:00,278.7,0,635.8,223.1,2.3,41.9
ERCOT,1/10/2010 21:00,279.1,0,512.2,225.4,2.5,42.6
ERCOT,1/10/2010 22:00,278.9,0,326.3,226.8,2.8,42.4
ERCOT,1/10/2010 23:00,277.1,0,118.6,226.8,2.6,39.2
ERCOT,2/2/2011 0:00,266.4,0,8.5,205.9,9.5,19.9
ERCOT,2/2/2011 1:00,265.5,0,0,202.8,9.2,18.3
ERCOT,2/2/2011 2:00,264.9,0,0,201,9.4,17.2
ERCOT,2/2/2011 3:00,264.4,0,0,200.1,9.4,16.2
ERCOT,2/2/2011 4:00,263.9,0,0,200.2,9.2,15.4
ERCOT,2/2/2011 5:00,263.5,0,0,200.1,9,14.6
ERCOT,2/2/2011 6:00,263.1,0,0,199.5,8.7,13.8
ERCOT,2/2/2011 7:00,262.6,0,0,199,8.4,13.1
ERCOT,2/2/2011 8:00,262.3,0,0,198.7,7.8,12.5
ERCOT,2/2/2011 9:00,262,0,0,198,7.5,11.9
ERCOT,2/2/2011 10:00,261.6,0,0,197.4,7.7,11.1
ERCOT,2/2/2011 11:00,261.2,0,0,197.1,7.9,10.4
ERCOT,2/2/2011 12:00,260.8,0,0,197,7.8,9.7
ERCOT,2/2/2011 13:00,260.4,0,0,197,7.3,9.1
ERCOT,2/2/2011 14:00,260.6,0,105.5,197.5,7.1,9.4
ERCOT,2/2/2011 15:00,261.6,0,310,199.6,7.8,11.2
ERCOT,2/2/2011 16:00,262.9,0,497.1,202.7,7.9,13.6
ERCOT,2/2/2011 17:00,264.4,0,620.3,205.2,7.9,16.2
ERCOT,2/2/2011 18:00,265.6,0,707.4,208.9,7.8,18.4
ERCOT,2/2/2011 19:00,266.5,0,725.1,211.7,7.6,20.1
ERCOT,2/2/2011 20:00,267.3,0,669.8,213.1,7.6,21.4
ERCOT,2/2/2011 21:00,267.6,0,553.4,213.1,7.6,22.1
ERCOT,2/2/2011 22:00,267.5,0,368.6,214.1,7.4,21.8
ERCOT,2/2/2011 23:00,266.7,0,156.1,214.3,7.1,20.5
ERCOT,2/3/2011 0:00,265.4,0,3.3,211.9,6.3,18.1
ERCOT,2/3/2011 1:00,264.5,0,0,209.6,6,16.5
ERCOT,2/3/2011 2:00,263.8,0,0,208.9,6,15.3
ERCOT,2/3/2011 3:00,263.3,0,0,208.9,6,14.2
ERCOT,2/3/2011 4:00,262.8,0,0,211,6,13.4
ERCOT,2/3/2011 5:00,262.4,0,0,210,5.9,12.6
ERCOT,2/3/2011 6:00,262,0,0,208.4,5.7,12
ERCOT,2/3/2011 7:00,261.7,0,0,210.2,5.5,11.4
ERCOT,2/3/2011 8:00,261.5,0,0,211.6,5.4,11
ERCOT,2/3/2011 9:00,261.2,0,0,214.2,5.3,10.5
ERCOT,2/3/2011 10:00,261,0,0,214.9,5.4,10.1
ERCOT,2/3/2011 11:00,260.7,0,0,216,5.5,9.7
ERCOT,2/3/2011 12:00,260.5,0,0,216.7,5.5,9.2
ERCOT,2/3/2011 13:00,260.3,0,0,219.8,5.5,8.9
ERCOT,2/3/2011 14:00,260.6,0,72.6,221,5.5,9.4
ERCOT,2/3/2011 15:00,261.9,0,237.2,223.4,5.7,11.7
ERCOT,2/3/2011 16:00,263.6,0,398.8,227.3,5.6,14.9
ERCOT,2/3/2011 17:00,265.3,0,488,234.1,5.3,17.9
ERCOT,2/3/2011 18:00,266.9,0,528.6,237.4,5.1,20.8
ERCOT,2/3/2011 19:00,268.2,0,549.4,237.8,5.1,23.1
ERCOT,2/3/2011 20:00,269,0,486.7,242.8,5.1,24.5
ERCOT,2/3/2011 21:00,269.4,0,372.8,249.3,5.1,25.3
ERCOT,2/3/2011 22:00,269.4,0,230.7,253.2,4.9,25.3
ERCOT,2/3/2011 23:00,269.1,0,100.8,255.4,4.6,24.8
ERCOT,2/4/2011 0:00,267.9,0,5.3,256,4.1,22.5
ERCOT,2/4/2011 1:00,267,0,0,257.6,4,20.8
ERCOT,2/4/2011 2:00,266.8,0,0,258.2,4.1,20.5
ERCOT,2/4/2011 3:00,266.6,0,0,258.8,4.2,20.2
ERCOT,2/4/2011 4:00,266.4,0,0,261.5,4,19.8
ERCOT,2/4/2011 5:00,266.4,0,0,273.8,3.9,19.9
ERCOT,2/4/2011 6:00,266.6,0,0,279.4,4,20.1
ERCOT,2/4/2011 7:00,266.6,0,0,281.2,4.1,20.3
ERCOT,2/4/2011 8:00,266.5,0,0,279.4,4.1,20.1
ERCOT,2/4/2011 9:00,266.3,0,0,275.5,4.2,19.7
ERCOT,2/4/2011 10:00,266.2,0,0,274.3,4.4,19.5
ERCOT,2/4/2011 11:00,266,0,0,269,4.5,19.2
ERCOT,2/4/2011 12:00,265.8,0,0,265.7,4.6,18.8
ERCOT,2/4/2011 13:00,265.8,0,0,267.6,4.4,18.7
ERCOT,2/4/2011 14:00,265.8,0,31.4,262.9,4.2,18.8
ERCOT,2/4/2011 15:00,266.7,0,154,256.8,4.6,20.4
ERCOT,2/4/2011 16:00,267.8,0,284.7,253.4,5,22.4
ERCOT,2/4/2011 17:00,269,0,425.6,249,5.3,24.6
ERCOT,2/4/2011 18:00,270.5,0,535.8,246.5,5.4,27.2
ERCOT,2/4/2011 19:00,271.7,0,589.2,248,5.2,29.4
ERCOT,2/4/2011 20:00,272.7,0,597.8,239.8,5.2,31.2
ERCOT,2/4/2011 21:00,273.3,0,511.1,237.9,5.3,32.3
ERCOT,2/4/2011 22:00,273.6,0,399.4,234.1,5.2,32.7
ERCOT,2/4/2011 23:00,273,0,180,229.8,4.6,31.8
ERCOT,8/2/2011 0:00,311.4,0,225.5,430.2,3.8,100.8
ERCOT,8/2/2011 1:00,309.1,0,58.9,427.2,3.6,96.7
ERCOT,8/2/2011 2:00,305.9,0,0,418.2,3.4,91
ERCOT,8/2/2011 3:00,304.4,0,0,412.2,3.4,88.3
ERCOT,8/2/2011 4:00,303.2,0,0,408.4,3.2,86.1
ERCOT,8/2/2011 5:00,302,0,0,403.3,3,84
ERCOT,8/2/2011 6:00,301,0,0,400.2,2.6,82.1
ERCOT,8/2/2011 7:00,300,0,0,396.8,2.2,80.4
ERCOT,8/2/2011 8:00,299.2,0,0,394,2,78.9
ERCOT,8/2/2011 9:00,298.6,0,0,392.6,1.9,77.8
ERCOT,8/2/2011 10:00,298,0,0,391.6,1.9,76.8
ERCOT,8/2/2011 11:00,297.6,0,0,389.8,2,76
ERCOT,8/2/2011 12:00,297.8,0,17.5,387.1,1.9,76.3
ERCOT,8/2/2011 13:00,300.7,0,199.8,391.3,2,81.6
ERCOT,8/2/2011 14:00,304.6,0,416.9,402.4,3,88.7
ERCOT,8/2/2011 15:00,307.6,0,623.6,411.6,3.1,94
ERCOT,8/2/2011 16:00,309.6,0,793.1,418.7,2.6,97.6
ERCOT,8/2/2011 17:00,311.1,0,924.9,424.1,2,100.2
ERCOT,8/2/2011 18:00,312.3,0,992.2,428.6,2.2,102.4
ERCOT,8/2/2011 19:00,313.2,0,999.2,432.3,2.6,104
ERCOT,8/2/2011 20:00,313.8,0,942.4,435.1,3.3,105.1
ERCOT,8/2/2011 21:00,314,0,821.5,436.5,4,105.5
ERCOT,8/2/2011 22:00,313.8,0,653.7,436.1,4.7,105.1
ERCOT,8/2/2011 23:00,313.1,0,451.1,434.1,5.1,103.9
ERCOT,8/3/2011 0:00,311.9,0,232.8,430.9,5.3,101.8
ERCOT,8/3/2011 1:00,309.5,0,35.8,425.7,4.9,97.4
ERCOT,8/3/2011 2:00,306.7,0,0,416.9,4.7,92.4
ERCOT,8/3/2011 3:00,304.9,0,0,409.2,4.4,89.1
ERCOT,8/3/2011 4:00,303.4,0,0,404.2,3.9,86.4
ERCOT,8/3/2011 5:00,302,0,0,399.2,3.3,83.9
ERCOT,8/3/2011 6:00,301,0,0,395.3,3.2,82.1
ERCOT,8/3/2011 7:00,300.4,0,0,392,3.4,81
ERCOT,8/3/2011 8:00,299.5,0,0,389.1,3.2,79.5
ERCOT,8/3/2011 9:00,298.8,0,0,386.5,3,78.1
ERCOT,8/3/2011 10:00,298.2,0,0,384.5,3,77.1
ERCOT,8/3/2011 11:00,297.7,0,0,382.6,2.8,76.2
ERCOT,8/3/2011 12:00,297.5,0,13.3,380.6,2.6,75.8
ERCOT,8/3/2011 13:00,300.2,0,207.3,385.5,2.7,80.7
ERCOT,8/3/2011 14:00,303.9,0,396.9,395.7,3.8,87.3
ERCOT,8/3/2011 15:00,306.6,0,612.4,405.8,4.4,92.2
ERCOT,8/3/2011 16:00,308.7,0,799.5,414.3,4.1,96.1
ERCOT,8/3/2011 17:00,310.6,0,926.1,421.3,3.4,99.3
ERCOT,8/3/2011 18:00,311.9,0,994.8,426.3,2.8,101.8
ERCOT,8/3/2011 19:00,312.9,0,999,430,2.6,103.6
ERCOT,8/3/2011 20:00,313.6,0,938,432.6,2.8,104.7
ERCOT,8/3/2011 21:00,313.9,0,816.7,434.2,3.3,105.3
ERCOT,8/3/2011 22:00,313.8,0,653.6,434.7,3.9,105.2
ERCOT,8/3/2011 23:00,313.3,0,440.9,434.4,4.4,104.2
ERCOT,8/4/2011 0:00,312.1,0,228.9,432.3,4.8,102.2
ERCOT,8/4/2011 1:00,309.6,0,32.7,427.8,4.7,97.6
ERCOT,8/4/2011 2:00,306.9,0,0,419.2,4.4,92.8
ERCOT,8/4/2011 3:00,305.2,0,0,411.6,4.5,89.7
ERCOT,8/4/2011 4:00,303.7,0,0,406,4.2,87
ERCOT,8/4/2011 5:00,302.4,0,0,400.9,3.7,84.7
ERCOT,8/4/2011 6:00,301.3,0,0,397,3.4,82.6
ERCOT,8/4/2011 7:00,300.4,0,0,394,3.2,81.1
ERCOT,8/4/2011 8:00,299.8,0,0,391.6,3.1,79.9
ERCOT,8/4/2011 9:00,299.1,0,0,389.5,3,78.7
ERCOT,8/4/2011 10:00,298.5,0,0,387.8,2.9,77.6
ERCOT,8/4/2011 11:00,297.8,0,0,386,2.7,76.5
ERCOT,8/4/2011 12:00,297.6,0,19.2,383.4,2.5,76
ERCOT,8/4/2011 13:00,300.2,0,197.9,386.2,2.7,80.6
ERCOT,8/4/2011 14:00,303.6,0,424.5,395.5,3.7,86.7
ERCOT,8/4/2011 15:00,306.4,0,637.7,404.8,4,91.9
ERCOT,8/4/2011 16:00,308.6,0,780.1,411.8,3.5,95.9
ERCOT,8/4/2011 17:00,310.4,0,917.8,418.9,2.8,99.1
ERCOT,8/4/2011 18:00,311.8,0,992.7,424.1,2.7,101.5
ERCOT,8/4/2011 19:00,312.8,0,1003.6,428.3,3,103.3
ERCOT,8/4/2011 20:00,313.4,0,949.9,431.5,3.7,104.5
ERCOT,8/4/2011 21:00,313.7,0,841.1,433.4,4.4,105
ERCOT,8/4/2011 22:00,313.6,0,676.5,434.5,5.1,104.7
ERCOT,8/4/2011 23:00,312.7,0,433.5,433.5,5.6,103.2
ERCOT,8/5/2011 0:00,311.4,0,221.3,430.8,5.9,100.9
ERCOT,8/5/2011 1:00,309,0,27.3,425.8,5.4,96.5
ERCOT,8/5/2011 2:00,306.5,0,0,416.8,5,92
ERCOT,8/5/2011 3:00,304.8,0,0,410.4,4.6,89
ERCOT,8/5/2011 4:00,303.4,0,0,405.1,4.2,86.5
ERCOT,8/5/2011 5:00,302.2,0,0,400.6,3.8,84.3
ERCOT,8/5/2011 6:00,301.2,0,0,396.9,3.6,82.4
ERCOT,8/5/2011 7:00,300.3,0,0,393.6,3.8,80.9
ERCOT,8/5/2011 8:00,299.4,0,0,389.6,3.6,79.3
ERCOT,8/5/2011 9:00,298.7,0,0,386.5,3.5,78
ERCOT,8/5/2011 10:00,298.1,0,0,385,3.2,76.9
ERCOT,8/5/2011 11:00,297.6,0,0,384.3,2.8,75.9
ERCOT,8/5/2011 12:00,297.2,0,5.7,383.4,2.4,75.3
ERCOT,8/5/2011 13:00,299.8,0,174.8,385.4,2.7,80
ERCOT,8/5/2011 14:00,303.3,0,393.9,394.8,4,86.2
ERCOT,8/5/2011 15:00,305.9,0,597.7,403.1,4.7,91
ERCOT,8/5/2011 16:00,308.2,0,809.2,411.9,4.5,95
ERCOT,8/5/2011 17:00,309.9,0,929.4,418.4,4,98.2
ERCOT,8/5/2011 18:00,311.3,0,994.4,423.5,3.5,100.7
ERCOT,8/5/2011 19:00,312.4,0,998.6,427.5,3.5,102.6
ERCOT,8/5/2011 20:00,313.1,0,938,430.7,3.8,103.9
ERCOT,8/5/2011 21:00,313.4,0,816.6,432.9,4.5,104.4
ERCOT,8/5/2011 22:00,313.3,0,655,433.5,5.1,104.2
ERCOT,8/5/2011 23:00,312.5,0,443.4,433,5.7,102.9
ERCOT,8/27/2011 0:00,309.9,0,166.8,419.2,3.7,98.1
ERCOT,8/27/2011 1:00,306.3,0,4.6,413.4,3.3,91.7
ERCOT,8/27/2011 2:00,304.3,0,0,406.1,3,88.1
ERCOT,8/27/2011 3:00,302.8,0,0,400,3,85.3
ERCOT,8/27/2011 4:00,301.4,0,0,394.6,2.8,82.8
ERCOT,8/27/2011 5:00,300.2,0,0,390.1,2.6,80.7
ERCOT,8/27/2011 6:00,299.2,0,0,386.6,2.3,78.8
ERCOT,8/27/2011 7:00,298.2,0,0,383.1,2.2,77.1
ERCOT,8/27/2011 8:00,297.5,0,0,380.1,2.1,75.8
ERCOT,8/27/2011 9:00,296.9,0,0,377.8,2.1,74.8
ERCOT,8/27/2011 10:00,296.4,0,0,375.6,2.1,73.8
ERCOT,8/27/2011 11:00,295.9,0,0,373.6,2.1,72.9
ERCOT,8/27/2011 12:00,295.3,0,0,371.7,2,71.8
ERCOT,8/27/2011 13:00,297.9,0,139.8,372.8,2,76.5
ERCOT,8/27/2011 14:00,302.4,0,362.9,384.4,2.8,84.6
ERCOT,8/27/2011 15:00,305.9,0,578.8,395,3,90.9
ERCOT,8/27/2011 16:00,308.7,0,754.9,404.6,2.9,96
ERCOT,8/27/2011 17:00,310.7,0,888.7,412.3,2.2,99.6
ERCOT,8/27/2011 18:00,312.1,0,962.1,417.3,1.9,102.1
ERCOT,8/27/2011 19:00,313.1,0,968,420.3,2.3,103.9
ERCOT,8/27/2011 20:00,313.7,0,902.9,422,2.6,105.1
ERCOT,8/27/2011 21:00,314.1,0,781.2,422.2,2.8,105.7
ERCOT,8/27/2011 22:00,314.1,0,604.8,422.1,2.9,105.8
ERCOT,8/27/2011 23:00,313.6,0,397.2,421.1,3.1,104.7
ERCOT,8/28/2011 0:00,312,0,174.6,417.2,3.8,102
ERCOT,8/28/2011 1:00,307.5,0,6.2,409.5,3.7,93.8
ERCOT,8/28/2011 2:00,305,0,0,397.3,3.3,89.3
ERCOT,8/28/2011 3:00,303.2,0,0,389.3,3,86.1
ERCOT,8/28/2011 4:00,301.5,0,0,383.8,2.6,83
ERCOT,8/28/2011 5:00,300,0,0,378.5,2.4,80.3
ERCOT,8/28/2011 6:00,298.8,0,0,373.8,2.1,78.1
ERCOT,8/28/2011 7:00,297.8,0,0,369.2,1.9,76.4
ERCOT,8/28/2011 8:00,297,0,0,366,1.8,75
ERCOT,8/28/2011 9:00,296.4,0,0,363.9,1.8,73.8
ERCOT,8/28/2011 10:00,295.8,0,0,362.5,1.8,72.7
ERCOT,8/28/2011 11:00,295.3,0,0,363.9,1.7,71.9
ERCOT,8/28/2011 12:00,295,0,0,365.5,1.6,71.4
ERCOT,8/28/2011 13:00,297.4,0,125.4,362.8,1.3,75.7
ERCOT,8/28/2011 14:00,302.5,0,354.1,371.9,1.6,84.8
ERCOT,8/28/2011 15:00,306.8,0,579.8,384.2,2.2,92.6
ERCOT,8/28/2011 16:00,309.8,0,774.7,393.9,2.2,98
ERCOT,8/28/2011 17:00,311.8,0,903.9,400.1,1.8,101.5
ERCOT,8/28/2011 18:00,313.1,0,970.8,404.2,1.6,103.9
ERCOT,8/28/2011 19:00,314,0,969.8,407.4,1.9,105.6
ERCOT,8/28/2011 20:00,314.6,0,901.1,409.3,2.2,106.6
ERCOT,8/28/2011 21:00,314.8,0,766,410.4,2.6,106.9
ERCOT,8/28/2011 22:00,314.5,0,582,410.5,3.1,106.4
ERCOT,8/28/2011 23:00,313.7,0,364.2,409.4,3.5,104.9
ERCOT,8/29/2011 0:00,311.8,0,141.2,406,3.8,101.6
ERCOT,8/29/2011 1:00,307.4,0,2.7,397.9,3.3,93.7
ERCOT,8/29/2011 2:00,304.8,0,0,389,2.8,89
ERCOT,8/29/2011 3:00,302.5,0,0,382,2.6,84.9
ERCOT,8/29/2011 4:00,300.7,0,0,376,2.5,81.6
ERCOT,8/29/2011 5:00,299.3,0,0,371.3,2.3,79
ERCOT,8/29/2011 6:00,298.1,0,0,367.8,2.1,77
ERCOT,8/29/2011 7:00,297.2,0,0,365.2,2,75.4
ERCOT,8/29/2011 8:00,296.6,0,0,364,2.1,74.2
ERCOT,8/29/2011 9:00,296.1,0,0,363.5,2.1,73.3
ERCOT,8/29/2011 10:00,295.4,0,0,362.1,2,72.1
ERCOT,8/29/2011 11:00,295.5,0,0,371.6,1.8,72.2
ERCOT,8/29/2011 12:00,295.3,0,0,371.9,1.7,71.8
ERCOT,8/29/2011 13:00,297.5,0,110.9,371.2,1.6,75.8
ERCOT,8/29/2011 14:00,301.9,0,327.9,377.4,1.8,83.8
ERCOT,8/29/2011 15:00,305.6,0,525.9,387.6,2.4,90.4
ERCOT,8/29/2011 16:00,308.2,0,640.3,401.7,2.8,95
ERCOT,8/29/2011 17:00,310.1,0,759.6,408.5,3,98.4
ERCOT,8/29/2011 18:00,311.7,0,904.5,406.5,3.3,101.4
ERCOT,8/29/2011 19:00,312.8,0,938.3,407.8,3.3,103.4
ERCOT,8/29/2011 20:00,313.4,0,878.1,410.4,3.4,104.5
ERCOT,8/29/2011 21:00,313.7,0,755.5,412.4,3.9,105
ERCOT,8/29/2011 22:00,313.4,0,561.3,415.7,4.3,104.5
ERCOT,8/29/2011 23:00,312.5,0,348.6,414.9,4.6,102.9
ERCOT,6/26/2012 0:00,311.9,0,269.1,424.8,3.8,101.8
ERCOT,6/26/2012 1:00,309.7,0,69,421,3.5,97.8
ERCOT,6/26/2012 2:00,306.5,0,0.6,412.4,3.1,92
ERCOT,6/26/2012 3:00,304.7,0,0,404.4,3,88.8
ERCOT,6/26/2012 4:00,303.2,0,0,398.6,2.6,86.1
ERCOT,6/26/2012 5:00,301.7,0,0,393.8,2.2,83.4
ERCOT,6/26/2012 6:00,300.6,0,0,389.4,1.8,81.3
ERCOT,6/26/2012 7:00,299.5,0,0,384.7,1.5,79.4
ERCOT,6/26/2012 8:00,298.7,0,0,381.8,1.4,77.9
ERCOT,6/26/2012 9:00,298,0,0,379.6,1.5,76.7
ERCOT,6/26/2012 10:00,297.4,0,0,377.6,1.6,75.6
ERCOT,6/26/2012 11:00,296.9,0,0,375.8,1.6,74.8
ERCOT,6/26/2012 12:00,297.8,0,61.3,374.9,1.5,76.5
ERCOT,6/26/2012 13:00,301,0,265.6,381.2,1.4,82.2
ERCOT,6/26/2012 14:00,305.1,0,479.3,393.7,1.7,89.5
ERCOT,6/26/2012 15:00,308.2,0,671.7,403.9,1.6,95
ERCOT,6/26/2012 16:00,310.3,0,847.9,411.8,1.7,98.8
ERCOT,6/26/2012 17:00,311.7,0,964,417.1,1.9,101.3
ERCOT,6/26/2012 18:00,312.8,0,1023.3,421.7,2.1,103.3
ERCOT,6/26/2012 19:00,313.6,0,1022.6,425.4,2.5,104.8
ERCOT,6/26/2012 20:00,314.1,0,957.3,428.2,3.1,105.7
ERCOT,6/26/2012 21:00,314.2,0,824.2,431,3.6,105.9
ERCOT,6/26/2012 22:00,314,0,676.7,429.8,4,105.5
ERCOT,6/26/2012 23:00,313.4,0,490.6,428.4,4.5,104.4
ERCOT,1/2/2018 0:00,269.4,0,0.7,237.2,4.2,25.3
ERCOT,1/2/2018 1:00,268.8,0,0,229.6,4,24.1
ERCOT,1/2/2018 2:00,268.3,0,0,228.3,3.8,23.2
ERCOT,1/2/2018 3:00,267.9,0,0,229,3.7,22.5
ERCOT,1/2/2018 4:00,267.6,0,0,233.1,3.7,22.1
ERCOT,1/2/2018 5:00,267.6,0,0,243.4,3.9,21.9
ERCOT,1/2/2018 6:00,267.4,0,0,247.1,3.8,21.6
ERCOT,1/2/2018 7:00,267.2,0,0,246,3.5,21.3
ERCOT,1/2/2018 8:00,267,0,0,241.4,3.3,20.9
ERCOT,1/2/2018 9:00,266.8,0,0,239.5,3.2,20.6
ERCOT,1/2/2018 10:00,266.7,0,0,241.2,3.2,20.4
ERCOT,1/2/2018 11:00,266.6,0,0,242.1,3.2,20.1
ERCOT,1/2/2018 12:00,266.4,0,0,242,3.3,19.8
ERCOT,1/2/2018 13:00,266,0,0,238.2,3.2,19.2
ERCOT,1/2/2018 14:00,266.3,0,57.2,235.7,3.4,19.7
ERCOT,1/2/2018 15:00,267.8,0,175.7,240.8,3.8,22.3
ERCOT,1/2/2018 16:00,269.4,0,311.5,245.7,3.8,25.3
ERCOT,1/2/2018 17:00,270.7,0,408.3,250.1,3.6,27.6
ERCOT,1/2/2018 18:00,271.7,0,448,251.6,3.4,29.4
ERCOT,1/2/2018 19:00,272.4,0,433.9,255.2,3.4,30.7
ERCOT,1/2/2018 20:00,272.9,0,382.1,256,3.6,31.6
ERCOT,1/2/2018 21:00,273.2,0,307.8,255.9,3.6,32.1
ERCOT,1/2/2018 22:00,273.1,0,186.4,255.2,3.6,31.9
ERCOT,1/2/2018 23:00,272.6,0,77.5,255.2,3.3,31
ERCOT,1/17/2018 0:00,267.8,0,1.4,249.8,6,22.4
ERCOT,1/17/2018 1:00,267.6,0,0,246.8,5.6,21.9
ERCOT,1/17/2018 2:00,267.3,0,0,243.4,5.4,21.4
ERCOT,1/17/2018 3:00,266.9,0,0,238.9,5.1,20.8
ERCOT,1/17/2018 4:00,266.4,0,0,231.6,4.6,19.8
ERCOT,1/17/2018 5:00,265.8,0,0,226.2,4.3,18.8
ERCOT,1/17/2018 6:00,265.2,0,0,214.8,4.1,17.7
ERCOT,1/17/2018 7:00,264.7,0,0,205.8,3.8,16.8
ERCOT,1/17/2018 8:00,264.3,0,0,203.7,3.5,16
ERCOT,1/17/2018 9:00,263.9,0,0,201.8,3.4,15.4
ERCOT,1/17/2018 10:00,263.6,0,0,200,3.4,14.9
ERCOT,1/17/2018 11:00,263.4,0,0,198.5,3.3,14.4
ERCOT,1/17/2018 12:00,263.1,0,0,197.1,3.3,13.9
ERCOT,1/17/2018 13:00,262.8,0,0,196,3.2,13.4
ERCOT,1/17/2018 14:00,263.4,0,71.2,195.2,3.2,14.5
ERCOT,1/17/2018 15:00,265.9,0,294,197.6,3.4,19
ERCOT,1/17/2018 16:00,268.3,0,449,200.4,3.8,23.3
ERCOT,1/17/2018 17:00,270.2,0,609,203.7,3.9,26.7
ERCOT,1/17/2018 18:00,271.8,0,689.1,207,3.6,29.6
ERCOT,1/17/2018 19:00,273.1,0,702.2,209.6,3.4,32
ERCOT,1/17/2018 20:00,274.1,0,645.1,212.4,3.3,33.7
ERCOT,1/17/2018 21:00,274.7,0,511.6,214.9,3.2,34.7
ERCOT,1/17/2018 22:00,274.8,0,356.2,216.7,3.1,34.9
ERCOT,1/17/2018 23:00,274,0,137,217,2.8,33.5
ERCOT,7/19/2018 0:00,310.4,0,234.8,425.3,5.2,99
ERCOT,7/19/2018 1:00,308.4,0,49.5,422,4.8,95.5
ERCOT,7/19/2018 2:00,305.7,0,0.5,415.4,4.6,90.6
ERCOT,7/19/2018 3:00,304,0,0,406.3,4.8,87.5
ERCOT,7/19/2018 4:00,302.7,0,0,401.3,4.7,85.2
ERCOT,7/19/2018 5:00,301.7,0,0,399.2,4.4,83.4
ERCOT,7/19/2018 6:00,300.8,0,0,395.9,4,81.7
ERCOT,7/19/2018 7:00,299.9,0,0,393.6,3.8,80.2
ERCOT,7/19/2018 8:00,299.3,0,0,392.6,3.6,79
ERCOT,7/19/2018 9:00,298.6,0,0,390.4,3.4,77.9
ERCOT,7/19/2018 10:00,298.1,0,0,390.9,3.3,76.9
ERCOT,7/19/2018 11:00,297.7,0,0,390.3,3.1,76.2
ERCOT,7/19/2018 12:00,297.8,0,25.4,390.7,3,76.5
ERCOT,7/19/2018 13:00,299.8,0,171,396.6,3.5,80.1
ERCOT,7/19/2018 14:00,302.1,0,317.3,401.8,4.4,84.1
ERCOT,7/19/2018 15:00,304.6,0,499.9,408.9,4.9,88.6
ERCOT,7/19/2018 16:00,307,0,682.2,416.5,5,92.8
ERCOT,7/19/2018 17:00,309.2,0,855.4,422.8,5,96.8
ERCOT,7/19/2018 18:00,310.8,0,932.2,426.8,4.7,99.8
ERCOT,7/19/2018 19:00,312.2,0,967.5,430.7,4.3,102.2
ERCOT,7/19/2018 20:00,313,0,912.2,433.8,4.1,103.7
ERCOT,7/19/2018 21:00,313.4,0,820.8,435.3,4.3,104.5
ERCOT,7/19/2018 22:00,313.4,0,654.3,436.8,4.6,104.4
ERCOT,7/19/2018 23:00,312.8,0,443.8,436.3,4.9,103.4
ERCOT,7/20/2018 0:00,311.9,0,268.6,434.1,5.2,101.7
ERCOT,7/20/2018 1:00,309.8,0,64.9,428.7,5,97.9
ERCOT,7/20/2018 2:00,307,0,0.1,419.4,4.6,92.9
ERCOT,7/20/2018 3:00,305.4,0,0,412.6,5,90.1
ERCOT,7/20/2018 4:00,304.1,0,0,405.8,5.3,87.8
ERCOT,7/20/2018 5:00,303,0,0,401.5,5,85.7
ERCOT,7/20/2018 6:00,302,0,0,397.6,4.6,84
ERCOT,7/20/2018 7:00,301.2,0,0,394.8,4.3,82.4
ERCOT,7/20/2018 8:00,300.4,0,0,391,4.2,81
ERCOT,7/20/2018 9:00,299.7,0,0,386.8,4.1,79.8
ERCOT,7/20/2018 10:00,299,0,0,384.1,4,78.4
ERCOT,7/20/2018 11:00,298.3,0,0,382.9,3.7,77.3
ERCOT,7/20/2018 12:00,298.2,0,18.1,384.2,3.4,77
ERCOT,7/20/2018 13:00,300.4,0,215.1,386.5,4,81
ERCOT,7/20/2018 14:00,303.2,0,446.3,393.8,5,86.1
ERCOT,7/20/2018 15:00,305.8,0,628.1,399.1,5.4,90.8
ERCOT,7/20/2018 16:00,308.3,0,812.9,408.1,5.1,95.3
ERCOT,7/20/2018 17:00,310.5,0,940.2,416.4,4.8,99.2
ERCOT,7/20/2018 18:00,312.2,0,1002.6,421.6,4.6,102.2
ERCOT,7/20/2018 19:00,313.4,0,1014,426.4,4.4,104.4
ERCOT,7/20/2018 20:00,314.1,0,954.3,429.6,4.4,105.6
ERCOT,7/20/2018 21:00,314.4,0,855.5,431.2,4.8,106.2
ERCOT,7/20/2018 22:00,314.2,0,685.4,431.6,5.2,106
ERCOT,7/20/2018 23:00,313.6,0,473.4,430.4,5.6,104.8
ERCOT,7/21/2018 0:00,312.3,0,243.2,426.6,6,102.4
ERCOT,7/21/2018 1:00,310.2,0,68.3,421.6,5.6,98.7
ERCOT,7/21/2018 2:00,307.1,0,0.2,410.7,4.8,93.2
ERCOT,7/21/2018 3:00,305.3,0,0,401.6,4.8,89.8
ERCOT,7/21/2018 4:00,303.9,0,0,396.2,4.7,87.4
ERCOT,7/21/2018 5:00,302.7,0,0,391,4.4,85.1
ERCOT,7/21/2018 6:00,301.6,0,0,386.7,4.2,83.1
ERCOT,7/21/2018 7:00,300.5,0,0,383.1,3.9,81.3
ERCOT,7/21/2018 8:00,299.6,0,0,379.4,3.6,79.6
ERCOT,7/21/2018 9:00,298.8,0,0,375.9,3.6,78.1
ERCOT,7/21/2018 10:00,298.1,0,0,373.4,3.6,77
ERCOT,7/21/2018 11:00,297.6,0,0,371.8,3.6,76
ERCOT,7/21/2018 12:00,297.7,0,35.6,371.6,3.6,76.1
ERCOT,7/21/2018 13:00,300.1,0,200,375.8,4,80.6
ERCOT,7/21/2018 14:00,303.6,0,431.8,385.5,4.8,86.7
ERCOT,7/21/2018 15:00,306.4,0,650.4,395,5.2,91.8
ERCOT,7/21/2018 16:00,308.8,0,832.2,403.8,5,96.2
ERCOT,7/21/2018 17:00,310.8,0,937,410.5,4.6,99.8
ERCOT,7/21/2018 18:00,312.6,0,1013.4,417.1,4.4,102.9
ERCOT,7/21/2018 19:00,313.8,0,1018.3,422,4.3,105.1
ERCOT,7/21/2018 20:00,314.5,0,968.9,424.2,4.2,106.4
ERCOT,7/21/2018 21:00,314.7,0,846.9,426,4.4,106.8
ERCOT,7/21/2018 22:00,314.6,0,668.9,426.6,4.6,106.5
ERCOT,7/21/2018 23:00,313.9,0,493.5,426.3,5,105.4
ERCOT,7/22/2018 0:00,312.7,0,263.9,423.3,5.2,103.2
ERCOT,7/22/2018 1:00,310.2,0,50,418.1,4.8,98.6
ERCOT,7/22/2018 2:00,307,0,0.5,410.3,4.2,93
ERCOT,7/22/2018 3:00,304.9,0,0,400,4.2,89.2
ERCOT,7/22/2018 4:00,303.2,0,0,392.1,3.9,86.2
ERCOT,7/22/2018 5:00,301.8,0,0,387.6,3.7,83.5
ERCOT,7/22/2018 6:00,300.4,0,0,382.2,3.3,81.1
ERCOT,7/22/2018 7:00,299.3,0,0,376.8,3,79
ERCOT,7/22/2018 8:00,298.4,0,0,373.5,2.9,77.5
ERCOT,7/22/2018 9:00,297.7,0,0,370.6,2.8,76.2
ERCOT,7/22/2018 10:00,297.1,0,0,368.9,2.7,75.1
ERCOT,7/22/2018 11:00,296.5,0,0,367.7,2.6,74.1
ERCOT,7/22/2018 12:00,296.4,0,20.5,368.1,2.6,73.9
ERCOT,7/22/2018 13:00,299.3,0,217.8,372.2,3,79.1
ERCOT,7/22/2018 14:00,302.9,0,445.5,383.5,4.1,85.5
ERCOT,7/22/2018 15:00,305.6,0,608.8,393.1,4.6,90.4
ERCOT,7/22/2018 16:00,308,0,762.6,404.8,4.4,94.7
ERCOT,7/22/2018 17:00,310,0,906.8,412.2,4,98.4
ERCOT,7/22/2018 18:00,311.8,0,968.5,418,3.5,101.5
ERCOT,7/22/2018 19:00,313.1,0,993.4,423.3,3.1,103.9
ERCOT,7/22/2018 20:00,314,0,928.3,427.9,2.9,105.5
ERCOT,7/22/2018 21:00,314.5,0,830,430.7,3,106.4
ERCOT,7/22/2018 22:00,314.5,0,664.7,431.9,3.3,106.5
ERCOT,7/22/2018 23:00,314.1,0,449.7,433,3.6,105.7
ERCOT,7/23/2018 0:00,313,0,231,430.1,4.2,103.7
ERCOT,7/23/2018 1:00,310.6,0,71.2,423.2,4.3,99.4
ERCOT,7/23/2018 2:00,307,0,0.1,412.3,4,93
ERCOT,7/23/2018 3:00,305,0,0,404,4,89.3
ERCOT,7/23/2018 4:00,303.4,0,0,398.2,4,86.4
ERCOT,7/23/2018 5:00,302,0,0,391.3,3.8,83.9
ERCOT,7/23/2018 6:00,300.9,0,0,386.6,3.6,82
ERCOT,7/23/2018 7:00,299.8,0,0,383.7,3.3,80
ERCOT,7/23/2018 8:00,298.8,0,0,381,2.9,78.2
ERCOT,7/23/2018 9:00,298.1,0,0,378.9,2.6,76.8
ERCOT,7/23/2018 10:00,297.5,0,0,378,2.6,75.8
ERCOT,7/23/2018 11:00,297.2,0,0,381.2,2.7,75.3
ERCOT,7/23/2018 12:00,297.3,0,25.8,379.5,2.7,75.5
ERCOT,7/23/2018 13:00,299.5,0,158.3,384.3,2.6,79.5
ERCOT,7/23/2018 14:00,302.3,0,328.9,395.4,3.1,84.5
ERCOT,7/23/2018 15:00,305.4,0,615.1,395.8,3.2,90
ERCOT,7/23/2018 16:00,308.1,0,772.8,402,3.2,94.9
ERCOT,7/23/2018 17:00,310.4,0,916,411.1,3.2,99
ERCOT,7/23/2018 18:00,312.1,0,977.6,419.8,3.2,102.2
ERCOT,7/23/2018 19:00,313.3,0,946.3,428.2,3.3,104.3
ERCOT,7/23/2018 20:00,313.9,0,824.2,436.1,3.5,105.4
ERCOT,7/23/2018 21:00,314.2,0,736.9,436.2,4,105.9
ERCOT,7/23/2018 22:00,314,0,541.1,440.7,4.3,105.5
ERCOT,7/23/2018 23:00,313.2,0,365,441.4,4.5,104
ERCOT,2/14/2021 0:00,271.3,0,7.2,302.4,6,28.7
ERCOT,2/14/2021 1:00,270.9,0,0,300.6,5.9,27.9
ERCOT,2/14/2021 2:00,270.4,0,0,297.7,5.9,27.1
ERCOT,2/14/2021 3:00,270.1,0,0,297.2,5.9,26.5
ERCOT,2/14/2021 4:00,269.7,0,0,297.4,5.8,25.9
ERCOT,2/14/2021 5:00,269.4,0,0,297.2,5.8,25.3
ERCOT,2/14/2021 6:00,269.2,0,0,297.1,5.8,24.9
ERCOT,2/14/2021 7:00,269,0,0,298.8,5.9,24.5
ERCOT,2/14/2021 8:00,268.8,0,0,299.3,6,24.3
ERCOT,2/14/2021 9:00,268.7,0,0,299.1,6,24
ERCOT,2/14/2021 10:00,268.5,0,0,297.7,6,23.6
ERCOT,2/14/2021 11:00,268.2,0,0,295.7,6,23.1
ERCOT,2/14/2021 12:00,267.8,0,0,295.1,6.4,22.4
ERCOT,2/14/2021 13:00,267.4,0,0,292.5,6.5,21.7
ERCOT,2/14/2021 14:00,267.2,0,18,290.7,6.6,21.2
ERCOT,2/14/2021 15:00,267.2,0,71,289.9,6.8,21.4
ERCOT,2/14/2021 16:00,267.5,0,139.6,292,7.1,21.8
ERCOT,2/14/2021 17:00,267.7,0,204.9,289.2,7.2,22.3
ERCOT,2/14/2021 18:00,267.8,0,206.8,289.8,7.3,22.5
ERCOT,2/14/2021 19:00,267.8,0,174.6,288,7.5,22.3
ERCOT,2/14/2021 20:00,267.6,0,152.2,286.5,7.8,22
ERCOT,2/14/2021 21:00,267.2,0,118.5,286.5,8,21.3
ERCOT,2/14/2021 22:00,266.7,0,98.2,285.1,8.2,20.3
ERCOT,2/14/2021 23:00,266,0,53,282.2,8.2,19.2
ERCOT,2/15/2021 0:00,265.3,0,10.6,280.5,8.2,17.9
ERCOT,2/15/2021 1:00,264.8,0,0,278.3,8.1,16.9
ERCOT,2/15/2021 2:00,264.3,0,0,274.7,7.9,16
ERCOT,2/15/2021 3:00,263.9,0,0,275.3,8,15.4
ERCOT,2/15/2021 4:00,263.6,0,0,274,8,14.8
ERCOT,2/15/2021 5:00,263.3,0,0,271.7,8,14.3
ERCOT,2/15/2021 6:00,262.9,0,0,264,7.9,13.6
ERCOT,2/15/2021 7:00,262.5,0,0,261.7,7.8,12.9
ERCOT,2/15/2021 8:00,262,0,0,261.6,8,12
ERCOT,2/15/2021 9:00,261.3,0,0,259.1,8.2,10.7
ERCOT,2/15/2021 10:00,260.7,0,0,255.4,8,9.6
ERCOT,2/15/2021 11:00,259.9,0,0,249.4,8,8.2
ERCOT,2/15/2021 12:00,259.2,0,0,234.3,8,6.9
ERCOT,2/15/2021 13:00,258.6,0,0,225,7.7,5.7
ERCOT,2/15/2021 14:00,258.5,0,109.9,212.3,7.6,5.6
ERCOT,2/15/2021 15:00,259.2,0,311.3,203.4,8,6.9
ERCOT,2/15/2021 16:00,260.4,0,553.8,196.6,8.1,9
ERCOT,2/15/2021 17:00,261.7,0,716.1,198.2,8,11.4
ERCOT,2/15/2021 18:00,263.2,0,794.4,200.2,8,14.1
ERCOT,2/15/2021 19:00,264.5,0,830.1,200.1,7.9,16.4
ERCOT,2/15/2021 20:00,265.3,0,773.2,200.8,7.7,17.9
ERCOT,2/15/2021 21:00,265.9,0,667.9,201.7,7.3,18.9
ERCOT,2/15/2021 22:00,266,0,479,201.1,6.8,19
ERCOT,2/15/2021 23:00,265.5,0,244,200,6.3,18.3
ERCOT,2/16/2021 0:00,264.3,0,56.7,199,5.2,16
ERCOT,2/16/2021 1:00,262.4,0,0,197.4,3.9,12.6
ERCOT,2/16/2021 2:00,260.9,0,0,196,3.4,10
ERCOT,2/16/2021 3:00,259.6,0,0,195.3,3.1,7.6
ERCOT,2/16/2021 4:00,258.9,0,0,195.5,3,6.3
ERCOT,2/16/2021 5:00,258.1,0,0,193,2.8,4.9
ERCOT,2/16/2021 6:00,257.6,0,0,192.3,2.8,4.1
ERCOT,2/16/2021 7:00,257.3,0,0,191.9,2.8,3.4
ERCOT,2/16/2021 8:00,256.8,0,0,191.9,2.8,2.7
ERCOT,2/16/2021 9:00,256.6,0,0,191.8,2.7,2.1
ERCOT,2/16/2021 10:00,256.3,0,0,192,2.5,1.6
ERCOT,2/16/2021 11:00,255.8,0,0,192.9,2.3,0.8
ERCOT,2/16/2021 12:00,255.4,0,0,193.7,2,0
ERCOT,2/16/2021 13:00,255.1,0,0,194.9,1.8,-0.4
ERCOT,2/16/2021 14:00,257.2,0,136.6,195.2,1.7,3.3
ERCOT,2/16/2021 15:00,260.9,0,375.5,201.8,2.5,9.9
ERCOT,2/16/2021 16:00,263.6,0,567.6,211.1,3.2,14.8
ERCOT,2/16/2021 17:00,265.3,0,685.7,217,3.5,17.8
ERCOT,2/16/2021 18:00,266.8,0,778.9,221.3,3.3,20.7
ERCOT,2/16/2021 19:00,268.1,0,762.9,231.5,3.2,23
ERCOT,2/16/2021 20:00,269.1,0,690.4,237.9,3.4,24.7
ERCOT,2/16/2021 21:00,269.9,0,576.1,240.2,3.9,26.2
ERCOT,2/16/2021 22:00,270.2,0,383.2,244.4,4.3,26.8
ERCOT,2/16/2021 23:00,270.1,0,205.8,251.6,4.6,26.5
ERCOT,2/17/2021 0:00,268.7,0,20.6,257.6,4.2,24
ERCOT,2/17/2021 1:00,267.6,0,0,263.8,3.8,22
ERCOT,2/17/2021 2:00,267.1,0,0,265.8,3.7,21.2
ERCOT,2/17/2021 3:00,267.1,0,0,269.2,3.7,21.1
ERCOT,2/17/2021 4:00,267.1,0,0,275.2,3.8,21
ERCOT,2/17/2021 5:00,267.2,0,0,281.7,4,21.3
ERCOT,2/17/2021 6:00,267.5,0,0,281.3,4.3,21.9
ERCOT,2/17/2021 7:00,267.8,0,0,287.9,4.2,22.3
ERCOT,2/17/2021 8:00,267.9,0,0,296.5,4,22.6
ERCOT,2/17/2021 9:00,268.1,0,0,298.2,4,22.9
ERCOT,2/17/2021 10:00,268.3,0,0,300.4,4.4,23.2
ERCOT,2/17/2021 11:00,268.5,0,0,299.9,4.6,23.6
ERCOT,2/17/2021 12:00,268.7,0,0,299.6,4.7,24
ERCOT,2/17/2021 13:00,269,0,0,300.7,4.5,24.4
ERCOT,2/17/2021 14:00,269.3,0,19.7,301.4,4.5,25.1
ERCOT,2/17/2021 15:00,269.9,0,81.9,302,4.6,26.2
ERCOT,2/17/2021 16:00,270.6,0,141,300.6,4.5,27.5
ERCOT,2/17/2021 17:00,271.3,0,176.9,298.4,4.7,28.6
ERCOT,2/17/2021 18:00,271.9,0,217.7,297.5,4.9,29.8
ERCOT,2/17/2021 19:00,272.5,0,260.8,296.9,5.2,30.9
ERCOT,2/17/2021 20:00,273,0,271.8,297.6,5.4,31.6
ERCOT,2/17/2021 21:00,273.3,0,257.5,297.8,5.5,32.3
ERCOT,2/17/2021 22:00,273.4,0,190.6,298.2,5.3,32.5
ERCOT,2/17/2021 23:00,273.1,0,97.1,296.7,5.1,31.9
ERCOT,2/18/2021 0:00,272.5,0,26.8,295.5,4.8,30.8
ERCOT,2/18/2021 1:00,271.8,0,0,294.7,4.9,29.6
ERCOT,2/18/2021 2:00,271.3,0,0,295.5,5.1,28.7
ERCOT,2/18/2021 3:00,271,0,0,296.6,4.9,28.1
ERCOT,2/18/2021 4:00,270.7,0,0,295.9,4.9,27.6
ERCOT,2/18/2021 5:00,270.5,0,0,294,5.2,27.2
ERCOT,2/18/2021 6:00,270.2,0,0,288.3,5.3,26.6
ERCOT,2/18/2021 7:00,269.8,0,0,286.5,5.1,26.1
ERCOT,2/18/2021 8:00,269.7,0,0,285.9,4.9,25.8
ERCOT,2/18/2021 9:00,269.5,0,0,283,5.1,25.4
ERCOT,2/18/2021 10:00,269.3,0,0,283.2,5.2,25.1
ERCOT,2/18/2021 11:00,269.2,0,0,282.1,5.4,24.8
ERCOT,2/18/2021 12:00,268.9,0,0,279.5,5.6,24.4
ERCOT,2/18/2021 13:00,268.7,0,0,282.9,5.6,24
ERCOT,2/18/2021 14:00,268.9,0,57,286.5,5.8,24.3
ERCOT,2/18/2021 15:00,269.4,0,177.7,281.8,6.2,25.2
ERCOT,2/18/2021 16:00,270.1,0,309.3,279.9,6.6,26.6
ERCOT,2/18/2021 17:00,271.3,0,515.5,276.4,6.9,28.6
ERCOT,2/18/2021 18:00,272.4,0,643,268,6.9,30.6
ERCOT,2/18/2021 19:00,273.1,0,611.6,275.3,6.8,31.8
ERCOT,2/18/2021 20:00,273.6,0,583.2,277.3,6.7,32.9
ERCOT,2/18/2021 21:00,273.9,0,460.2,278.2,6.6,33.4
ERCOT,2/18/2021 22:00,273.8,0,322.5,279.8,6.5,33.2
ERCOT,2/18/2021 23:00,273.4,0,174,274.9,6.2,32.5
ERCOT,2/19/2021 0:00,272.3,0,28.4,262.4,5.5,30.4
ERCOT,2/19/2021 1:00,271,0,0,258.1,4.9,28.1
ERCOT,2/19/2021 2:00,270.1,0,0,251.6,4.7,26.5
ERCOT,2/19/2021 3:00,269.2,0,0,245,4.4,24.9
ERCOT,2/19/2021 4:00,268.5,0,0,233.8,4.4,23.6
ERCOT,2/19/2021 5:00,267.5,0,0,221.1,4.2,21.9
ERCOT,2/19/2021 6:00,266.8,0,0,217.9,4.1,20.5
ERCOT,2/19/2021 7:00,266.2,0,0,215.5,4.1,19.5
ERCOT,2/19/2021 8:00,265.5,0,0,213.7,4,18.3
ERCOT,2/19/2021 9:00,264.9,0,0,211.8,3.9,17.2
ERCOT,2/19/2021 10:00,264.4,0,0,209.7,4,16.3
ERCOT,2/19/2021 11:00,264,0,0,208,3.9,15.5
ERCOT,2/19/2021 12:00,263.4,0,0,206.8,3.7,14.5
ERCOT,2/19/2021 13:00,262.9,0,0.1,206.5,3.4,13.6
ERCOT,2/19/2021 14:00,264.3,0,134.1,206.1,3.2,16.1
ERCOT,2/19/2021 15:00,267.2,0,384.1,208.6,3.3,21.4
ERCOT,2/19/2021 16:00,270.1,0,603.7,213.1,3.3,26.5
ERCOT,2/19/2021 17:00,272.2,0,760.3,217.4,3.2,30.4
ERCOT,2/19/2021 18:00,273.8,0,837.6,220.5,3,33.2
ERCOT,2/19/2021 19:00,275,0,857.6,224.5,2.8,35.4
ERCOT,2/19/2021 20:00,275.9,0,793.6,227.9,2.6,36.9
ERCOT,2/19/2021 21:00,276.6,0,684,230.3,2.6,38.2
ERCOT,2/19/2021 22:00,276.8,0,489.8,232.4,2.5,38.6
ERCOT,2/19/2021 23:00,276.4,0,250.9,233.2,2.6,37.9
ERCOT,2/4/2022 0:00,267.1,0,6.4,283.4,8.1,21.2
ERCOT,2/4/2022 1:00,266.8,0,0,280,7.9,20.6
ERCOT,2/4/2022 2:00,266.5,0,0,271.9,7.6,20
ERCOT,2/4/2022 3:00,266,0,0,259.1,7.1,19.2
ERCOT,2/4/2022 4:00,265.5,0,0,245.2,6.8,18.2
ERCOT,2/4/2022 5:00,265.1,0,0,233.9,6.7,17.5
ERCOT,2/4/2022 6:00,264.9,0,0,235.8,6.8,17.1
ERCOT,2/4/2022 7:00,264.8,0,0,240,6.8,16.9
ERCOT,2/4/2022 8:00,264.6,0,0,235,6.8,16.5
ERCOT,2/4/2022 9:00,264.3,0,0,231.3,6.8,16
ERCOT,2/4/2022 10:00,264,0,0,232,6.8,15.6
ERCOT,2/4/2022 11:00,263.7,0,0,231.2,6.8,15
ERCOT,2/4/2022 12:00,263.3,0,0,226.9,6.7,14.3
ERCOT,2/4/2022 13:00,263,0,0,225.4,6.4,13.8
ERCOT,2/4/2022 14:00,263.2,0,63.1,225,6.5,14.2
ERCOT,2/4/2022 15:00,264.6,0,256.9,225,6.9,16.7
ERCOT,2/4/2022 16:00,266.4,0,425.8,228.3,7.2,19.8
ERCOT,2/4/2022 17:00,268.1,0,548.8,229.7,7.4,23
ERCOT,2/4/2022 18:00,269.7,0,660,230.4,7.3,25.8
ERCOT,2/4/2022 19:00,270.9,0,690.1,231.4,7.2,27.9
ERCOT,2/4/2022 20:00,271.8,0,669.5,228.6,7.1,29.5
ERCOT,2/4/2022 21:00,272.4,0,577.3,228,6.8,30.6
ERCOT,2/4/2022 22:00,272.4,0,375.8,231.1,6.3,30.6
ERCOT,2/4/2022 23:00,272,0,216.4,227.2,5.6,29.8
ERCOT,2/5/2022 0:00,269.5,0,14.3,216.4,4.7,25.4
ERCOT,2/5/2022 1:00,267.8,0,0,213.4,4.1,22.3
ERCOT,2/5/2022 2:00,267.2,0,0,215.2,3.8,21.2
ERCOT,2/5/2022 3:00,266.6,0,0,214.5,3.6,20.2
ERCOT,2/5/2022 4:00,266,0,0,212.4,3.5,19.1
ERCOT,2/5/2022 5:00,265.5,0,0,211.2,3.2,18.2
ERCOT,2/5/2022 6:00,265.1,0,0,210.1,3,17.6
ERCOT,2/5/2022 7:00,264.7,0,0,208.8,3,16.8
ERCOT,2/5/2022 8:00,264.4,0,0,208.1,3,16.3
ERCOT,2/5/2022 9:00,264.1,0,0,207.2,3,15.8
ERCOT,2/5/2022 10:00,263.9,0,0,206.5,3,15.3
ERCOT,2/5/2022 11:00,263.6,0,0,206,2.9,14.8
ERCOT,2/5/2022 12:00,263.4,0,0,205.5,2.8,14.4
ERCOT,2/5/2022 13:00,263.2,0,0,205.2,2.7,14.2
ERCOT,2/5/2022 14:00,264.4,0,89.1,204.7,2.6,16.2
ERCOT,2/5/2022 15:00,267.8,0,334.9,205,2.2,22.5
ERCOT,2/5/2022 16:00,271.7,0,551.6,210.9,2,29.5
ERCOT,2/5/2022 17:00,274.6,0,681.3,215.3,1.9,34.5
ERCOT,2/5/2022 18:00,276.3,0,784.2,219.8,2.1,37.7
ERCOT,2/5/2022 19:00,277.5,0,800.8,223.7,2.1,39.8
ERCOT,2/5/2022 20:00,278.2,0,737.8,226.4,2,41.1
ERCOT,2/5/2022 21:00,278.6,0,629.2,228.3,2.1,41.9
ERCOT,2/5/2022 22:00,278.6,0,429.9,229.8,2.2,41.8
ERCOT,2/5/2022 23:00,278.1,0,247.1,230.2,2.2,40.9
ERCOT,7/10/2022 0:00,311.3,0,235.8,438.4,4,100.7
ERCOT,7/10/2022 1:00,309.5,0,79.5,434.6,4.1,97.4
ERCOT,7/10/2022 2:00,306.4,0,0.3,426.8,3.5,91.8
ERCOT,7/10/2022 3:00,304.7,0,0,420.3,3.2,88.8
ERCOT,7/10/2022 4:00,303.6,0,0,417,3.2,86.9
ERCOT,7/10/2022 5:00,302.8,0,0,414.1,3.3,85.5
ERCOT,7/10/2022 6:00,302.2,0,0,410.8,3.4,84.3
ERCOT,7/10/2022 7:00,301.4,0,0,407.7,3.3,82.9
ERCOT,7/10/2022 8:00,300.6,0,0,403.9,3.2,81.5
ERCOT,7/10/2022 9:00,299.9,0,0,401.4,3,80.2
ERCOT,7/10/2022 10:00,299.3,0,0,400.4,3,79.1
ERCOT,7/10/2022 11:00,298.7,0,0,399.7,2.9,78.1
ERCOT,7/10/2022 12:00,299,0,44,398.6,3,78.5
ERCOT,7/10/2022 13:00,301,0,194.1,400.5,3.7,82.1
ERCOT,7/10/2022 14:00,303.6,0,411.9,405.8,4.2,86.9
ERCOT,7/10/2022 15:00,306.2,0,647.7,411.5,4.3,91.4
ERCOT,7/10/2022 16:00,308.3,0,832.6,417.9,4,95.3
ERCOT,7/10/2022 17:00,310.1,0,934.8,423.4,3.7,98.6
ERCOT,7/10/2022 18:00,311.7,0,1006.9,429.8,3.6,101.4
ERCOT,7/10/2022 19:00,312.7,0,934.3,438.7,3.5,103.2
ERCOT,7/10/2022 20:00,313.4,0,920.4,439.1,3.5,104.5
ERCOT,7/10/2022 21:00,313.7,0,815.1,439.8,3.7,105
ERCOT,7/10/2022 22:00,313.5,0,625.9,441.2,3.9,104.6
ERCOT,7/10/2022 23:00,312.7,0,461.4,440.3,4.2,103.2
ERCOT,7/11/2022 0:00,311.4,0,265.7,435.7,4.9,100.8
ERCOT,7/11/2022 1:00,309.2,0,57.7,430.5,5,96.9
ERCOT,7/11/2022 2:00,306.6,0,0.8,423.7,4.3,92.2
ERCOT,7/11/2022 3:00,304.9,0,0,415.7,4,89.2
ERCOT,7/11/2022 4:00,303.7,0,0,409.5,3.8,87
ERCOT,7/11/2022 5:00,302.7,0,0,405.5,3.5,85.1
ERCOT,7/11/2022 6:00,301.6,0,0,401.1,3.2,83.2
ERCOT,7/11/2022 7:00,300.6,0,0,397.2,3,81.5
ERCOT,7/11/2022 8:00,299.9,0,0,395.3,2.9,80.1
ERCOT,7/11/2022 9:00,299.2,0,0,393.4,2.8,78.9
ERCOT,7/11/2022 10:00,298.4,0,0,390,2.5,77.4
ERCOT,7/11/2022 11:00,297.6,0,0,386.4,2.2,76
ERCOT,7/11/2022 12:00,297.9,0,35,384.8,2.1,76.6
ERCOT,7/11/2022 13:00,300.9,0,237.8,390.9,2.6,82
ERCOT,7/11/2022 14:00,304,0,466.6,400.2,3.7,87.5
ERCOT,7/11/2022 15:00,306.4,0,635.8,406.6,3.8,91.9
ERCOT,7/11/2022 16:00,308.5,0,825.4,413.6,3,95.6
ERCOT,7/11/2022 17:00,310.2,0,955.5,419.4,2.5,98.7
ERCOT,7/11/2022 18:00,311.6,0,1012.2,423.2,2.4,101.2
ERCOT,7/11/2022 19:00,312.7,0,1023.2,425.8,2.6,103.3
ERCOT,7/11/2022 20:00,313.4,0,960,427.4,2.8,104.5
ERCOT,7/11/2022 21:00,313.8,0,853.9,428.6,3.2,105.2
ERCOT,7/11/2022 22:00,313.6,0,678.2,428.7,3.8,104.8
ERCOT,7/11/2022 23:00,312.9,0,470.3,427.3,4.4,103.6
ERCOT,7/12/2022 0:00,311.5,0,250.1,423.5,5,101.1
ERCOT,7/12/2022 1:00,309.5,0,75.3,420.4,4.8,97.4
ERCOT,7/12/2022 2:00,306,0,0.3,412.2,4.6,91.2
ERCOT,7/12/2022 3:00,304.1,0,0,404.2,4.3,87.7
ERCOT,7/12/2022 4:00,302.7,0,0,399.3,3.8,85.2
ERCOT,7/12/2022 5:00,301.6,0,0,395.2,3.3,83.2
ERCOT,7/12/2022 6:00,300.6,0,0,392.3,3,81.4
ERCOT,7/12/2022 7:00,299.8,0,0,390.3,2.8,80.1
ERCOT,7/12/2022 8:00,299,0,0,388.2,2.6,78.5
ERCOT,7/12/2022 9:00,298.1,0,0,385.5,2.3,76.9
ERCOT,7/12/2022 10:00,297.3,0,0,383.5,2.1,75.5
ERCOT,7/12/2022 11:00,296.6,0,0,381,2,74.2
ERCOT,7/12/2022 12:00,297.2,0,48.5,379.1,2,75.3
ERCOT,7/12/2022 13:00,300.1,0,214.6,384.7,2.3,80.5
ERCOT,7/12/2022 14:00,303.3,0,442.6,395.7,2.9,86.3
ERCOT,7/12/2022 15:00,305.7,0,657.3,405,3,90.7
ERCOT,7/12/2022 16:00,307.9,0,835,413.7,3.2,94.5
ERCOT,7/12/2022 17:00,309.7,0,936.8,420,3.2,97.7
ERCOT,7/12/2022 18:00,311.2,0,1010.3,426,3.1,100.4
ERCOT,7/12/2022 19:00,312.3,0,1013.5,429.9,3.4,102.4
ERCOT,7/12/2022 20:00,313,0,962.1,432.1,3.8,103.6
ERCOT,7/12/2022 21:00,313.2,0,835.8,434,4.2,104.2
ERCOT,7/12/2022 22:00,313.1,0,658.4,434.4,4.7,103.9
ERCOT,7/12/2022 23:00,312.4,0,493.2,433.2,5.3,102.7
ERCOT,7/18/2022 0:00,310.7,0,265.7,421.4,5.6,99.6
ERCOT,7/18/2022 1:00,308.8,0,72.2,417.9,5.3,96.1
ERCOT,7/18/2022 2:00,306,0,0.5,410.5,4.8,91
ERCOT,7/18/2022 3:00,304.4,0,0,404,4.6,88.2
ERCOT,7/18/2022 4:00,303,0,0,397.3,4.4,85.7
ERCOT,7/18/2022 5:00,301.8,0,0,392.1,4,83.5
ERCOT,7/18/2022 6:00,300.6,0,0,388.9,3.6,81.4
ERCOT,7/18/2022 7:00,299.6,0,0,385.9,3.4,79.7
ERCOT,7/18/2022 8:00,298.9,0,0,383.2,3.4,78.3
ERCOT,7/18/2022 9:00,298.2,0,0,381,3.5,77.1
ERCOT,7/18/2022 10:00,297.7,0,0,379.9,3.5,76.2
ERCOT,7/18/2022 11:00,297.4,0,0,383.7,3.4,75.7
ERCOT,7/18/2022 12:00,297.7,0,18.5,389,3.3,76.1
ERCOT,7/18/2022 13:00,300,0,155.2,395.4,3.6,80.3
ERCOT,7/18/2022 14:00,302.8,0,346.5,400.4,4.6,85.4
ERCOT,7/18/2022 15:00,305.3,0,550.9,405.8,5,89.8
ERCOT,7/18/2022 16:00,307.6,0,718.4,413.3,4.9,94
ERCOT,7/18/2022 17:00,309.6,0,864.1,420.2,4.7,97.6
ERCOT,7/18/2022 18:00,311.2,0,959.4,425,4.4,100.4
ERCOT,7/18/2022 19:00,312.2,0,969.9,429,4.3,102.3
ERCOT,7/18/2022 20:00,312.9,0,913,433.3,4.4,103.5
ERCOT,7/18/2022 21:00,313.1,0,818.1,434.5,4.6,104
ERCOT,7/18/2022 22:00,313,0,677.6,433.7,5,103.8
ERCOT,7/18/2022 23:00,312.5,0,485.2,433,5.5,102.8
ERCOT,7/19/2022 0:00,311.5,0,277.1,430.2,5.8,101
ERCOT,7/19/2022 1:00,309.5,0,75.7,425.5,5.8,97.4
ERCOT,7/19/2022 2:00,306.6,0,0.5,417.1,5.5,92.2
ERCOT,7/19/2022 3:00,305,0,0,410.5,5.6,89.3
ERCOT,7/19/2022 4:00,303.8,0,0,405.2,5.4,87.1
ERCOT,7/19/2022 5:00,302.7,0,0,401.4,5.2,85.3
ERCOT,7/19/2022 6:00,301.8,0,0,398.4,4.8,83.6
ERCOT,7/19/2022 7:00,300.9,0,0,395.2,4.6,82
ERCOT,7/19/2022 8:00,300,0,0,392,4.4,80.3
ERCOT,7/19/2022 9:00,299.3,0,0,389.8,4.3,79.1
ERCOT,7/19/2022 10:00,298.7,0,0,388.1,4.1,78
ERCOT,7/19/2022 11:00,298.1,0,0,386.4,3.8,76.9
ERCOT,7/19/2022 12:00,298,0,23.9,385.1,3.6,76.8
ERCOT,7/19/2022 13:00,300.5,0,207.1,389,4.3,81.3
ERCOT,7/19/2022 14:00,303.3,0,420.1,396.7,5.5,86.3
ERCOT,7/19/2022 15:00,305.8,0,623.9,404.4,6,90.8
ERCOT,7/19/2022 16:00,308.2,0,794.8,412.7,5.9,95.1
ERCOT,7/19/2022 17:00,310.3,0,928.4,419.7,5.8,98.8
ERCOT,7/19/2022 18:00,312,0,1003.2,425.6,5.6,101.8
ERCOT,7/19/2022 19:00,313.1,0,1014.2,429.9,5.4,103.9
ERCOT,7/19/2022 20:00,313.8,0,963.3,432.3,5.3,105.2
ERCOT,7/19/2022 21:00,314.1,0,851.9,433.6,5.4,105.8
ERCOT,7/19/2022 22:00,313.9,0,688.8,433.9,5.6,105.4
ERCOT,7/19/2022 23:00,313.2,0,491.5,432.4,6,104.1
ERCOT,7/20/2022 0:00,312,0,276.9,429.2,6.3,101.9
ERCOT,7/20/2022 1:00,309.8,0,73.2,424.9,6.3,98.1
ERCOT,7/20/2022 2:00,307,0,0.4,416.5,6,92.8
ERCOT,7/20/2022 3:00,305.3,0,0,408.7,6.2,89.9
ERCOT,7/20/2022 4:00,304.1,0,0,402.7,6.1,87.7
ERCOT,7/20/2022 5:00,303.1,0,0,398.8,5.9,85.9
ERCOT,7/20/2022 6:00,301.8,0,0,393.7,6,83.5
ERCOT,7/20/2022 7:00,300.6,0,0,388.4,5.8,81.4
ERCOT,7/20/2022 8:00,299.7,0,0,385.4,5.4,79.8
ERCOT,7/20/2022 9:00,298.9,0,0,382.3,5,78.4
ERCOT,7/20/2022 10:00,298.3,0,0,380.8,4.7,77.3
ERCOT,7/20/2022 11:00,297.8,0,0,380.1,4.3,76.3
ERCOT,7/20/2022 12:00,297.6,0,23.2,379.6,4,76.1
ERCOT,7/20/2022 13:00,300.1,0,204.2,384.6,4.6,80.5
ERCOT,7/20/2022 14:00,303,0,411.1,393.7,5.6,85.7
ERCOT,7/20/2022 15:00,305.6,0,612.1,402.3,5.9,90.5
ERCOT,7/20/2022 16:00,308.1,0,790,411.4,5.6,94.9
ERCOT,7/20/2022 17:00,310.1,0,921.9,418.9,5.2,98.6
ERCOT,7/20/2022 18:00,311.7,0,987.6,425.8,4.6,101.5
ERCOT,7/20/2022 19:00,312.9,0,1002,429.9,4.2,103.6
ERCOT,7/20/2022 20:00,313.6,0,954.6,432.6,4.1,104.8
ERCOT,7/20/2022 21:00,313.9,0,835.9,434.4,4.4,105.3
ERCOT,7/20/2022 22:00,313.7,0,671.8,435.5,4.9,105
ERCOT,7/20/2022 23:00,313,0,472.7,435,5.5,103.6
ERCOT,12/23/2022 0:00,268.5,0,0,216.2,9.9,23.6
ERCOT,12/23/2022 1:00,267.3,0,0,211.9,9.9,21.5
ERCOT,12/23/2022 2:00,266.2,0,0,208.4,10.3,19.6
ERCOT,12/23/2022 3:00,265.4,0,0,205.2,10.3,18
ERCOT,12/23/2022 4:00,264.7,0,0,203,10,16.8
ERCOT,12/23/2022 5:00,264.1,0,0,202.9,9.7,15.8
ERCOT,12/23/2022 6:00,263.7,0,0,202.6,9.6,14.9
ERCOT,12/23/2022 7:00,263.3,0,0,203.6,9.2,14.3
ERCOT,12/23/2022 8:00,262.9,0,0,202.4,8.9,13.6
ERCOT,12/23/2022 9:00,262.6,0,0,201.6,8.6,13
ERCOT,12/23/2022 10:00,262.2,0,0,202.2,8.2,12.3
ERCOT,12/23/2022 11:00,262,0,0,202.1,7.9,11.9
ERCOT,12/23/2022 12:00,261.8,0,0,202.8,7.6,11.5
ERCOT,12/23/2022 13:00,261.5,0,0,200.9,7.2,11.1
ERCOT,12/23/2022 14:00,261.8,0,62.2,201,7,11.6
ERCOT,12/23/2022 15:00,263,0,255.9,201.3,7.4,13.7
ERCOT,12/23/2022 16:00,264.3,0,441.7,204.4,7.5,16.1
ERCOT,12/23/2022 17:00,265.8,0,570.2,207.3,7.4,18.8
ERCOT,12/23/2022 18:00,267.2,0,630.1,209,7.2,21.2
ERCOT,12/23/2022 19:00,268.3,0,626.4,212.5,7.1,23.3
ERCOT,12/23/2022 20:00,269.1,0,547,215.3,7,24.7
ERCOT,12/23/2022 21:00,269.5,0,424.1,218.6,6.9,25.4
ERCOT,12/23/2022 22:00,269.3,0,242,219.5,6.6,25.1
ERCOT,12/23/2022 23:00,268.6,0,55.3,219,5.9,23.9
ERCOT,12/24/2022 0:00,267.8,0,0.4,218.2,5,22.4
ERCOT,12/24/2022 1:00,267.4,0,0,219.7,4.7,21.6
ERCOT,12/24/2022 2:00,267.1,0,0,216.9,4.4,21.1
ERCOT,12/24/2022 3:00,266.7,0,0,213.6,4,20.5
ERCOT,12/24/2022 4:00,266.3,0,0,211.7,3.6,19.7
ERCOT,12/24/2022 5:00,266,0,0,210.2,3.3,19.2
ERCOT,12/24/2022 6:00,265.8,0,0,210.8,3.1,18.8
ERCOT,12/24/2022 7:00,265.7,0,0,215.6,2.9,18.6
ERCOT,12/24/2022 8:00,265.7,0,0,218.6,2.8,18.5
ERCOT,12/24/2022 9:00,265.7,0,0,220.1,2.7,18.5
ERCOT,12/24/2022 10:00,265.6,0,0,217.1,2.6,18.3
ERCOT,12/24/2022 11:00,265.3,0,0,214.2,2.5,17.9
ERCOT,12/24/2022 12:00,265.1,0,0,211.9,2.4,17.4
ERCOT,12/24/2022 13:00,264.8,0,0,210.5,2.2,16.9
ERCOT,12/24/2022 14:00,265.6,0,79.6,209.6,2,18.4
ERCOT,12/24/2022 15:00,268.2,0,276.8,210.6,2.2,23.1
ERCOT,12/24/2022 16:00,270.6,0,455.2,212.7,2.4,27.5
ERCOT,12/24/2022 17:00,272.3,0,584.6,214.3,2.5,30.4
ERCOT,12/24/2022 18:00,273.6,0,651,216.6,2.5,32.9
ERCOT,12/24/2022 19:00,274.7,0,649.6,219,2.4,34.8
ERCOT,12/24/2022 20:00,275.4,0,580.1,221.4,2.2,36.1
ERCOT,12/24/2022 21:00,275.8,0,450,223.5,2,36.8
ERCOT,12/24/2022 22:00,275.7,0,272.8,224.7,1.9,36.7
ERCOT,12/24/2022 23:00,273.7,0,74.5,224.8,1.7,33
