Region,Time_UTC,Temperature_F
MISO-S,7/14/1980 0:00,95.16197554
MISO-S,7/14/1980 1:00,90.82910412
MISO-S,7/14/1980 2:00,87.25734806
MISO-S,7/14/1980 3:00,84.73054954
MISO-S,7/14/1980 4:00,82.46173454
MISO-S,7/14/1980 5:00,80.41772512
MISO-S,7/14/1980 6:00,78.54081223
MISO-S,7/14/1980 7:00,76.90010164
MISO-S,7/14/1980 8:00,75.42411136
MISO-S,7/14/1980 9:00,74.42392409
MISO-S,7/14/1980 10:00,73.78417654
MISO-S,7/14/1980 11:00,73.19478887
MISO-S,7/14/1980 12:00,74.9795481
MISO-S,7/14/1980 13:00,79.81467477
MISO-S,7/14/1980 14:00,86.01030727
MISO-S,7/14/1980 15:00,89.89887257
MISO-S,7/14/1980 16:00,92.97654271
MISO-S,7/14/1980 17:00,95.36714615
MISO-S,7/14/1980 18:00,97.30226221
MISO-S,7/14/1980 19:00,98.65333665
MISO-S,7/14/1980 20:00,99.40809719
MISO-S,7/14/1980 21:00,99.72564854
MISO-S,7/14/1980 22:00,99.22138658
MISO-S,7/14/1980 23:00,97.94516998
MISO-S,7/15/1980 0:00,95.48805023
MISO-S,7/15/1980 1:00,91.43008472
MISO-S,7/15/1980 2:00,88.18124633
MISO-S,7/15/1980 3:00,85.87776184
MISO-S,7/15/1980 4:00,83.99030411
MISO-S,7/15/1980 5:00,82.40350888
MISO-S,7/15/1980 6:00,81.00636891
MISO-S,7/15/1980 7:00,79.69932732
MISO-S,7/15/1980 8:00,78.51814664
MISO-S,7/15/1980 9:00,77.38363634
MISO-S,7/15/1980 10:00,76.29564958
MISO-S,7/15/1980 11:00,75.3309426
MISO-S,7/15/1980 12:00,77.4038142
MISO-S,7/15/1980 13:00,81.8699946
MISO-S,7/15/1980 14:00,87.77059669
MISO-S,7/15/1980 15:00,91.58254834
MISO-S,7/15/1980 16:00,94.40199462
MISO-S,7/15/1980 17:00,96.61170561
MISO-S,7/15/1980 18:00,98.3733894
MISO-S,7/15/1980 19:00,99.72082785
MISO-S,7/15/1980 20:00,100.5980752
MISO-S,7/15/1980 21:00,100.8710051
MISO-S,7/15/1980 22:00,100.4372465
MISO-S,7/15/1980 23:00,99.05603754
MISO-S,7/16/1980 0:00,96.48301341
MISO-S,7/16/1980 1:00,92.32503759
MISO-S,7/16/1980 2:00,88.70725628
MISO-S,7/16/1980 3:00,86.20180533
MISO-S,7/16/1980 4:00,84.01710767
MISO-S,7/16/1980 5:00,81.97839808
MISO-S,7/16/1980 6:00,80.16380711
MISO-S,7/16/1980 7:00,78.59315386
MISO-S,7/16/1980 8:00,77.15786786
MISO-S,7/16/1980 9:00,76.17867536
MISO-S,7/16/1980 10:00,75.51732246
MISO-S,7/16/1980 11:00,74.90058223
MISO-S,7/16/1980 12:00,76.1957292
MISO-S,7/16/1980 13:00,81.04783093
MISO-S,7/16/1980 14:00,86.48058703
MISO-S,7/16/1980 15:00,90.68687781
MISO-S,7/16/1980 16:00,93.9985404
MISO-S,7/16/1980 17:00,96.66747154
MISO-S,7/16/1980 18:00,98.70921358
MISO-S,7/16/1980 19:00,100.1385195
MISO-S,7/16/1980 20:00,100.9511332
MISO-S,7/16/1980 21:00,101.0364448
MISO-S,7/16/1980 22:00,100.4659261
MISO-S,7/16/1980 23:00,99.13927162
MISO-S,1/10/1982 0:00,42.16923737
MISO-S,1/10/1982 1:00,39.85072869
MISO-S,1/10/1982 2:00,37.9987331
MISO-S,1/10/1982 3:00,36.60498472
MISO-S,1/10/1982 4:00,35.32507427
MISO-S,1/10/1982 5:00,34.28250162
MISO-S,1/10/1982 6:00,33.53898092
MISO-S,1/10/1982 7:00,32.82321676
MISO-S,1/10/1982 8:00,32.19734056
MISO-S,1/10/1982 9:00,31.1352553
MISO-S,1/10/1982 10:00,30.11720429
MISO-S,1/10/1982 11:00,28.81086094
MISO-S,1/10/1982 12:00,27.57674716
MISO-S,1/10/1982 13:00,25.86156289
MISO-S,1/10/1982 14:00,27.0466906
MISO-S,1/10/1982 15:00,28.48461057
MISO-S,1/10/1982 16:00,29.24881649
MISO-S,1/10/1982 17:00,29.54877145
MISO-S,1/10/1982 18:00,29.97203709
MISO-S,1/10/1982 19:00,30.20067225
MISO-S,1/10/1982 20:00,29.63254048
MISO-S,1/10/1982 21:00,28.33299857
MISO-S,1/10/1982 22:00,26.03578194
MISO-S,1/10/1982 23:00,23.13754793
MISO-S,1/11/1982 0:00,20.15354177
MISO-S,1/11/1982 1:00,17.88887583
MISO-S,1/11/1982 2:00,15.70199076
MISO-S,1/11/1982 3:00,13.82333757
MISO-S,1/11/1982 4:00,12.38225631
MISO-S,1/11/1982 5:00,11.36898762
MISO-S,1/11/1982 6:00,10.4874132
MISO-S,1/11/1982 7:00,9.765597649
MISO-S,1/11/1982 8:00,8.9278915
MISO-S,1/11/1982 9:00,8.039267412
MISO-S,1/11/1982 10:00,7.265825636
MISO-S,1/11/1982 11:00,6.627907108
MISO-S,1/11/1982 12:00,6.116015135
MISO-S,1/11/1982 13:00,5.70651021
MISO-S,1/11/1982 14:00,6.64094617
MISO-S,1/11/1982 15:00,9.698044138
MISO-S,1/11/1982 16:00,13.31826702
MISO-S,1/11/1982 17:00,16.95313241
MISO-S,1/11/1982 18:00,20.0380723
MISO-S,1/11/1982 19:00,22.62817545
MISO-S,1/11/1982 20:00,24.49581314
MISO-S,1/11/1982 21:00,25.64911188
MISO-S,1/11/1982 22:00,25.81940423
MISO-S,1/11/1982 23:00,24.42970006
MISO-S,1/12/1982 0:00,22.61008379
MISO-S,1/12/1982 1:00,22.46440909
MISO-S,1/12/1982 2:00,22.46234938
MISO-S,1/12/1982 3:00,22.58238918
MISO-S,1/12/1982 4:00,22.6766765
MISO-S,1/12/1982 5:00,22.87825146
MISO-S,1/12/1982 6:00,23.57915766
MISO-S,1/12/1982 7:00,23.76387558
MISO-S,1/12/1982 8:00,24.19973179
MISO-S,1/12/1982 9:00,25.036091
MISO-S,1/12/1982 10:00,25.88547415
MISO-S,1/12/1982 11:00,26.44315874
MISO-S,1/12/1982 12:00,26.78787882
MISO-S,1/12/1982 13:00,26.95786292
MISO-S,1/12/1982 14:00,28.31455685
MISO-S,1/12/1982 15:00,29.44730092
MISO-S,1/12/1982 16:00,30.84991093
MISO-S,1/12/1982 17:00,31.63044049
MISO-S,1/12/1982 18:00,32.33140073
MISO-S,1/12/1982 19:00,32.76792495
MISO-S,1/12/1982 20:00,33.4026939
MISO-S,1/12/1982 21:00,34.28925074
MISO-S,1/12/1982 22:00,34.79408681
MISO-S,1/12/1982 23:00,35.15803225
MISO-S,12/24/1983 0:00,31.46233959
MISO-S,12/24/1983 1:00,31.14376861
MISO-S,12/24/1983 2:00,30.62489595
MISO-S,12/24/1983 3:00,29.79928072
MISO-S,12/24/1983 4:00,28.72874883
MISO-S,12/24/1983 5:00,27.5306121
MISO-S,12/24/1983 6:00,26.28660203
MISO-S,12/24/1983 7:00,24.95910526
MISO-S,12/24/1983 8:00,23.59116249
MISO-S,12/24/1983 9:00,21.88392788
MISO-S,12/24/1983 10:00,20.46321193
MISO-S,12/24/1983 11:00,19.18101562
MISO-S,12/24/1983 12:00,17.91158614
MISO-S,12/24/1983 13:00,16.78718912
MISO-S,12/24/1983 14:00,16.439694
MISO-S,12/24/1983 15:00,16.81140796
MISO-S,12/24/1983 16:00,17.81675039
MISO-S,12/24/1983 17:00,19.2868358
MISO-S,12/24/1983 18:00,20.35764112
MISO-S,12/24/1983 19:00,20.51307909
MISO-S,12/24/1983 20:00,20.03929688
MISO-S,12/24/1983 21:00,19.13760766
MISO-S,12/24/1983 22:00,17.45796565
MISO-S,12/24/1983 23:00,15.017645
MISO-S,12/25/1983 0:00,12.7410441
MISO-S,12/25/1983 1:00,11.06674085
MISO-S,12/25/1983 2:00,10.0033416
MISO-S,12/25/1983 3:00,9.202042293
MISO-S,12/25/1983 4:00,8.44697383
MISO-S,12/25/1983 5:00,7.577524847
MISO-S,12/25/1983 6:00,6.543864794
MISO-S,12/25/1983 7:00,5.564331126
MISO-S,12/25/1983 8:00,4.736167093
MISO-S,12/25/1983 9:00,4.106881716
MISO-S,12/25/1983 10:00,3.591816945
MISO-S,12/25/1983 11:00,3.186798663
MISO-S,12/25/1983 12:00,2.895154335
MISO-S,12/25/1983 13:00,2.697222755
MISO-S,12/25/1983 14:00,3.669848314
MISO-S,12/25/1983 15:00,5.607950646
MISO-S,12/25/1983 16:00,8.189973423
MISO-S,12/25/1983 17:00,10.99291635
MISO-S,12/25/1983 18:00,13.73800158
MISO-S,12/25/1983 19:00,16.01439203
MISO-S,12/25/1983 20:00,17.49491056
MISO-S,12/25/1983 21:00,18.25326486
MISO-S,12/25/1983 22:00,18.1614661
MISO-S,12/25/1983 23:00,16.72298371
MISO-S,12/26/1983 0:00,15.1687038
MISO-S,12/26/1983 1:00,14.18237547
MISO-S,12/26/1983 2:00,13.67299417
MISO-S,12/26/1983 3:00,13.27152188
MISO-S,12/26/1983 4:00,12.86153484
MISO-S,12/26/1983 5:00,12.60337279
MISO-S,12/26/1983 6:00,12.56352194
MISO-S,12/26/1983 7:00,12.62836313
MISO-S,12/26/1983 8:00,12.53718128
MISO-S,12/26/1983 9:00,12.61048127
MISO-S,12/26/1983 10:00,12.88520585
MISO-S,12/26/1983 11:00,13.81168406
MISO-S,12/26/1983 12:00,14.49195036
MISO-S,12/26/1983 13:00,15.12777613
MISO-S,12/26/1983 14:00,16.83367574
MISO-S,12/26/1983 15:00,18.9214752
MISO-S,12/26/1983 16:00,20.67034953
MISO-S,12/26/1983 17:00,22.27629166
MISO-S,12/26/1983 18:00,23.83436971
MISO-S,12/26/1983 19:00,25.2851707
MISO-S,12/26/1983 20:00,26.60095538
MISO-S,12/26/1983 21:00,27.62659151
MISO-S,12/26/1983 22:00,27.8927003
MISO-S,12/26/1983 23:00,27.34592055
MISO-S,12/30/1983 0:00,21.95733618
MISO-S,12/30/1983 1:00,20.56375311
MISO-S,12/30/1983 2:00,19.5121471
MISO-S,12/30/1983 3:00,18.58028084
MISO-S,12/30/1983 4:00,17.79265727
MISO-S,12/30/1983 5:00,17.06840408
MISO-S,12/30/1983 6:00,16.39986943
MISO-S,12/30/1983 7:00,15.83443635
MISO-S,12/30/1983 8:00,15.25470772
MISO-S,12/30/1983 9:00,14.72894824
MISO-S,12/30/1983 10:00,14.2816334
MISO-S,12/30/1983 11:00,13.83761714
MISO-S,12/30/1983 12:00,13.36254437
MISO-S,12/30/1983 13:00,12.86056877
MISO-S,12/30/1983 14:00,14.52603991
MISO-S,12/30/1983 15:00,18.4001687
MISO-S,12/30/1983 16:00,22.24231512
MISO-S,12/30/1983 17:00,25.20773519
MISO-S,12/30/1983 18:00,27.51931986
MISO-S,12/30/1983 19:00,29.39050492
MISO-S,12/30/1983 20:00,30.51006725
MISO-S,12/30/1983 21:00,30.87330969
MISO-S,12/30/1983 22:00,30.12018806
MISO-S,12/30/1983 23:00,26.65843534
MISO-S,12/31/1983 0:00,22.06298941
MISO-S,12/31/1983 1:00,20.34280071
MISO-S,12/31/1983 2:00,19.09398328
MISO-S,12/31/1983 3:00,18.1427879
MISO-S,12/31/1983 4:00,17.35087085
MISO-S,12/31/1983 5:00,16.70923433
MISO-S,12/31/1983 6:00,16.21899844
MISO-S,12/31/1983 7:00,15.74626112
MISO-S,12/31/1983 8:00,15.2956764
MISO-S,12/31/1983 9:00,14.92013048
MISO-S,12/31/1983 10:00,14.63427109
MISO-S,12/31/1983 11:00,14.42931535
MISO-S,12/31/1983 12:00,14.40292742
MISO-S,12/31/1983 13:00,14.46368933
MISO-S,12/31/1983 14:00,17.32318925
MISO-S,12/31/1983 15:00,23.71262591
MISO-S,12/31/1983 16:00,29.72101584
MISO-S,12/31/1983 17:00,34.2330502
MISO-S,12/31/1983 18:00,37.69840286
MISO-S,12/31/1983 19:00,39.98824137
MISO-S,12/31/1983 20:00,41.22096858
MISO-S,12/31/1983 21:00,41.45506577
MISO-S,12/31/1983 22:00,40.52720267
MISO-S,12/31/1983 23:00,36.15282943
MISO-S,1/20/1984 0:00,29.01876132
MISO-S,1/20/1984 1:00,27.08663162
MISO-S,1/20/1984 2:00,25.88886791
MISO-S,1/20/1984 3:00,25.13406945
MISO-S,1/20/1984 4:00,24.36265004
MISO-S,1/20/1984 5:00,23.5503516
MISO-S,1/20/1984 6:00,22.94893815
MISO-S,1/20/1984 7:00,22.47450274
MISO-S,1/20/1984 8:00,22.18741014
MISO-S,1/20/1984 9:00,22.05928997
MISO-S,1/20/1984 10:00,22.03950245
MISO-S,1/20/1984 11:00,22.24580959
MISO-S,1/20/1984 12:00,22.33836594
MISO-S,1/20/1984 13:00,22.40611572
MISO-S,1/20/1984 14:00,23.46132211
MISO-S,1/20/1984 15:00,25.01173206
MISO-S,1/20/1984 16:00,26.52558319
MISO-S,1/20/1984 17:00,28.03006972
MISO-S,1/20/1984 18:00,29.29210442
MISO-S,1/20/1984 19:00,30.29267903
MISO-S,1/20/1984 20:00,30.88361351
MISO-S,1/20/1984 21:00,31.09136772
MISO-S,1/20/1984 22:00,30.64024201
MISO-S,1/20/1984 23:00,29.41048745
MISO-S,1/21/1984 0:00,28.1308999
MISO-S,1/21/1984 1:00,27.54715824
MISO-S,1/21/1984 2:00,26.97919915
MISO-S,1/21/1984 3:00,26.27062695
MISO-S,1/21/1984 4:00,25.50456633
MISO-S,1/21/1984 5:00,24.62530329
MISO-S,1/21/1984 6:00,23.85436521
MISO-S,1/21/1984 7:00,22.69033842
MISO-S,1/21/1984 8:00,21.29926556
MISO-S,1/21/1984 9:00,20.05979163
MISO-S,1/21/1984 10:00,19.09031936
MISO-S,1/21/1984 11:00,18.2141328
MISO-S,1/21/1984 12:00,17.43058502
MISO-S,1/21/1984 13:00,16.85047981
MISO-S,1/21/1984 14:00,18.68393892
MISO-S,1/21/1984 15:00,22.29305701
MISO-S,1/21/1984 16:00,26.02172866
MISO-S,1/21/1984 17:00,29.58504938
MISO-S,1/21/1984 18:00,32.68546885
MISO-S,1/21/1984 19:00,35.04253405
MISO-S,1/21/1984 20:00,36.46503067
MISO-S,1/21/1984 21:00,37.21295374
MISO-S,1/21/1984 22:00,36.81136581
MISO-S,1/21/1984 23:00,34.36938031
MISO-S,1/20/1985 0:00,51.12626154
MISO-S,1/20/1985 1:00,48.26122107
MISO-S,1/20/1985 2:00,46.19685996
MISO-S,1/20/1985 3:00,44.27760226
MISO-S,1/20/1985 4:00,42.34967276
MISO-S,1/20/1985 5:00,40.25410543
MISO-S,1/20/1985 6:00,38.73092315
MISO-S,1/20/1985 7:00,37.1680687
MISO-S,1/20/1985 8:00,34.94313519
MISO-S,1/20/1985 9:00,30.25672218
MISO-S,1/20/1985 10:00,24.14421213
MISO-S,1/20/1985 11:00,20.34685423
MISO-S,1/20/1985 12:00,17.74896613
MISO-S,1/20/1985 13:00,16.24355637
MISO-S,1/20/1985 14:00,15.16092775
MISO-S,1/20/1985 15:00,14.20612867
MISO-S,1/20/1985 16:00,13.95437586
MISO-S,1/20/1985 17:00,14.65497752
MISO-S,1/20/1985 18:00,15.74389869
MISO-S,1/20/1985 19:00,16.50911606
MISO-S,1/20/1985 20:00,17.07032612
MISO-S,1/20/1985 21:00,17.21608829
MISO-S,1/20/1985 22:00,16.48369185
MISO-S,1/20/1985 23:00,14.82870137
MISO-S,1/21/1985 0:00,12.4889997
MISO-S,1/21/1985 1:00,11.24600952
MISO-S,1/21/1985 2:00,10.29866216
MISO-S,1/21/1985 3:00,9.520768652
MISO-S,1/21/1985 4:00,8.824231207
MISO-S,1/21/1985 5:00,8.296125726
MISO-S,1/21/1985 6:00,7.951557335
MISO-S,1/21/1985 7:00,7.765547626
MISO-S,1/21/1985 8:00,7.737616544
MISO-S,1/21/1985 9:00,7.722645549
MISO-S,1/21/1985 10:00,7.648319583
MISO-S,1/21/1985 11:00,7.615874301
MISO-S,1/21/1985 12:00,7.646884876
MISO-S,1/21/1985 13:00,7.694614772
MISO-S,1/21/1985 14:00,10.38243757
MISO-S,1/21/1985 15:00,15.55474344
MISO-S,1/21/1985 16:00,19.22854335
MISO-S,1/21/1985 17:00,22.39031256
MISO-S,1/21/1985 18:00,25.2882064
MISO-S,1/21/1985 19:00,27.74888504
MISO-S,1/21/1985 20:00,29.50569643
MISO-S,1/21/1985 21:00,30.65837976
MISO-S,1/21/1985 22:00,30.88358685
MISO-S,1/21/1985 23:00,28.89303812
MISO-S,1/22/1985 0:00,24.40714351
MISO-S,1/22/1985 1:00,22.87830879
MISO-S,1/22/1985 2:00,21.85935423
MISO-S,1/22/1985 3:00,21.132008
MISO-S,1/22/1985 4:00,20.62363568
MISO-S,1/22/1985 5:00,20.25025518
MISO-S,1/22/1985 6:00,19.99261431
MISO-S,1/22/1985 7:00,19.78686895
MISO-S,1/22/1985 8:00,19.64908247
MISO-S,1/22/1985 9:00,19.55994418
MISO-S,1/22/1985 10:00,19.50686898
MISO-S,1/22/1985 11:00,19.49055179
MISO-S,1/22/1985 12:00,19.39325469
MISO-S,1/22/1985 13:00,19.28249105
MISO-S,1/22/1985 14:00,22.81297503
MISO-S,1/22/1985 15:00,28.72482676
MISO-S,1/22/1985 16:00,33.81000009
MISO-S,1/22/1985 17:00,37.03198636
MISO-S,1/22/1985 18:00,39.29265686
MISO-S,1/22/1985 19:00,41.02631402
MISO-S,1/22/1985 20:00,42.07842193
MISO-S,1/22/1985 21:00,42.46415923
MISO-S,1/22/1985 22:00,42.01072462
MISO-S,1/22/1985 23:00,38.4950668
MISO-S,2/2/1985 0:00,25.75540273
MISO-S,2/2/1985 1:00,25.41347111
MISO-S,2/2/1985 2:00,25.13506328
MISO-S,2/2/1985 3:00,24.8141348
MISO-S,2/2/1985 4:00,24.39494324
MISO-S,2/2/1985 5:00,23.98615435
MISO-S,2/2/1985 6:00,23.58435289
MISO-S,2/2/1985 7:00,23.19167779
MISO-S,2/2/1985 8:00,22.49803142
MISO-S,2/2/1985 9:00,21.49239554
MISO-S,2/2/1985 10:00,20.09340102
MISO-S,2/2/1985 11:00,18.91528471
MISO-S,2/2/1985 12:00,18.01614986
MISO-S,2/2/1985 13:00,17.57288423
MISO-S,2/2/1985 14:00,18.76361248
MISO-S,2/2/1985 15:00,21.00709534
MISO-S,2/2/1985 16:00,23.68237065
MISO-S,2/2/1985 17:00,26.31799313
MISO-S,2/2/1985 18:00,28.74731077
MISO-S,2/2/1985 19:00,30.74822096
MISO-S,2/2/1985 20:00,32.14237797
MISO-S,2/2/1985 21:00,32.69661051
MISO-S,2/2/1985 22:00,32.35534445
MISO-S,2/2/1985 23:00,30.50892205
MISO-S,2/3/1985 0:00,25.56632796
MISO-S,2/3/1985 1:00,23.14711256
MISO-S,2/3/1985 2:00,21.58806359
MISO-S,2/3/1985 3:00,20.20019036
MISO-S,2/3/1985 4:00,19.23235709
MISO-S,2/3/1985 5:00,18.61893256
MISO-S,2/3/1985 6:00,18.1636291
MISO-S,2/3/1985 7:00,17.78256707
MISO-S,2/3/1985 8:00,17.24259091
MISO-S,2/3/1985 9:00,16.82210798
MISO-S,2/3/1985 10:00,16.61247531
MISO-S,2/3/1985 11:00,16.55855345
MISO-S,2/3/1985 12:00,16.57223456
MISO-S,2/3/1985 13:00,16.81996776
MISO-S,2/3/1985 14:00,19.53019685
MISO-S,2/3/1985 15:00,22.94865204
MISO-S,2/3/1985 16:00,25.88107264
MISO-S,2/3/1985 17:00,28.08817812
MISO-S,2/3/1985 18:00,29.46691998
MISO-S,2/3/1985 19:00,30.23829664
MISO-S,2/3/1985 20:00,30.6443116
MISO-S,2/3/1985 21:00,30.80837644
MISO-S,2/3/1985 22:00,30.6676561
MISO-S,2/3/1985 23:00,29.82417297
MISO-S,7/29/1986 0:00,94.71157316
MISO-S,7/29/1986 1:00,90.52454133
MISO-S,7/29/1986 2:00,87.72118405
MISO-S,7/29/1986 3:00,85.78927471
MISO-S,7/29/1986 4:00,84.16795414
MISO-S,7/29/1986 5:00,82.66798422
MISO-S,7/29/1986 6:00,81.255652
MISO-S,7/29/1986 7:00,79.96011458
MISO-S,7/29/1986 8:00,78.89540078
MISO-S,7/29/1986 9:00,78.12058037
MISO-S,7/29/1986 10:00,77.33886807
MISO-S,7/29/1986 11:00,76.65454931
MISO-S,7/29/1986 12:00,77.30580023
MISO-S,7/29/1986 13:00,81.71181269
MISO-S,7/29/1986 14:00,86.50526305
MISO-S,7/29/1986 15:00,90.53051749
MISO-S,7/29/1986 16:00,93.72017581
MISO-S,7/29/1986 17:00,96.16203659
MISO-S,7/29/1986 18:00,97.92082978
MISO-S,7/29/1986 19:00,99.13920453
MISO-S,7/29/1986 20:00,99.90543518
MISO-S,7/29/1986 21:00,99.98566212
MISO-S,7/29/1986 22:00,99.25094803
MISO-S,7/29/1986 23:00,97.84244957
MISO-S,7/30/1986 0:00,94.67540046
MISO-S,7/30/1986 1:00,90.09311209
MISO-S,7/30/1986 2:00,87.07133499
MISO-S,7/30/1986 3:00,85.00215813
MISO-S,7/30/1986 4:00,83.28336075
MISO-S,7/30/1986 5:00,81.59398534
MISO-S,7/30/1986 6:00,80.06835214
MISO-S,7/30/1986 7:00,78.68675205
MISO-S,7/30/1986 8:00,77.68169664
MISO-S,7/30/1986 9:00,76.71331361
MISO-S,7/30/1986 10:00,75.73946465
MISO-S,7/30/1986 11:00,75.07502147
MISO-S,7/30/1986 12:00,75.64438218
MISO-S,7/30/1986 13:00,80.75035785
MISO-S,7/30/1986 14:00,86.32187112
MISO-S,7/30/1986 15:00,90.86884553
MISO-S,7/30/1986 16:00,94.49964074
MISO-S,7/30/1986 17:00,97.27794138
MISO-S,7/30/1986 18:00,99.46366739
MISO-S,7/30/1986 19:00,101.0329874
MISO-S,7/30/1986 20:00,101.9284949
MISO-S,7/30/1986 21:00,101.8516802
MISO-S,7/30/1986 22:00,100.8373997
MISO-S,7/30/1986 23:00,98.72636969
MISO-S,7/31/1986 0:00,94.83604355
MISO-S,7/31/1986 1:00,89.80271181
MISO-S,7/31/1986 2:00,86.26601497
MISO-S,7/31/1986 3:00,84.19712314
MISO-S,7/31/1986 4:00,82.72684012
MISO-S,7/31/1986 5:00,81.39231972
MISO-S,7/31/1986 6:00,80.19287763
MISO-S,7/31/1986 7:00,79.1096961
MISO-S,7/31/1986 8:00,77.9222283
MISO-S,7/31/1986 9:00,76.92437657
MISO-S,7/31/1986 10:00,76.28083014
MISO-S,7/31/1986 11:00,75.92167839
MISO-S,7/31/1986 12:00,76.43342866
MISO-S,7/31/1986 13:00,81.36557415
MISO-S,7/31/1986 14:00,87.21192765
MISO-S,7/31/1986 15:00,91.73736986
MISO-S,7/31/1986 16:00,94.98697897
MISO-S,7/31/1986 17:00,97.70798028
MISO-S,7/31/1986 18:00,99.84924158
MISO-S,7/31/1986 19:00,101.3237192
MISO-S,7/31/1986 20:00,102.20871
MISO-S,7/31/1986 21:00,102.3222353
MISO-S,7/31/1986 22:00,101.373841
MISO-S,7/31/1986 23:00,99.47933242
MISO-S,12/22/1989 0:00,33.72872275
MISO-S,12/22/1989 1:00,31.49538918
MISO-S,12/22/1989 2:00,29.30119446
MISO-S,12/22/1989 3:00,27.25648802
MISO-S,12/22/1989 4:00,25.51447785
MISO-S,12/22/1989 5:00,23.81349116
MISO-S,12/22/1989 6:00,21.90684917
MISO-S,12/22/1989 7:00,20.02098549
MISO-S,12/22/1989 8:00,18.00483264
MISO-S,12/22/1989 9:00,16.24549145
MISO-S,12/22/1989 10:00,14.63290293
MISO-S,12/22/1989 11:00,13.12520614
MISO-S,12/22/1989 12:00,11.85710615
MISO-S,12/22/1989 13:00,10.64333679
MISO-S,12/22/1989 14:00,10.16693411
MISO-S,12/22/1989 15:00,10.55464864
MISO-S,12/22/1989 16:00,11.90925462
MISO-S,12/22/1989 17:00,13.75631855
MISO-S,12/22/1989 18:00,15.49926111
MISO-S,12/22/1989 19:00,16.52949303
MISO-S,12/22/1989 20:00,16.6125805
MISO-S,12/22/1989 21:00,16.16835491
MISO-S,12/22/1989 22:00,15.23074635
MISO-S,12/22/1989 23:00,13.53992668
MISO-S,12/23/1989 0:00,12.06348856
MISO-S,12/23/1989 1:00,11.00555231
MISO-S,12/23/1989 2:00,9.900825149
MISO-S,12/23/1989 3:00,8.896228888
MISO-S,12/23/1989 4:00,7.896975179
MISO-S,12/23/1989 5:00,6.865390901
MISO-S,12/23/1989 6:00,5.998922337
MISO-S,12/23/1989 7:00,5.272405478
MISO-S,12/23/1989 8:00,4.491885562
MISO-S,12/23/1989 9:00,3.721105602
MISO-S,12/23/1989 10:00,2.974480361
MISO-S,12/23/1989 11:00,2.242905633
MISO-S,12/23/1989 12:00,1.572584836
MISO-S,12/23/1989 13:00,1.01859027
MISO-S,12/23/1989 14:00,2.303191468
MISO-S,12/23/1989 15:00,5.172273925
MISO-S,12/23/1989 16:00,8.50859744
MISO-S,12/23/1989 17:00,11.90546979
MISO-S,12/23/1989 18:00,14.97642709
MISO-S,12/23/1989 19:00,17.35005932
MISO-S,12/23/1989 20:00,18.87961426
MISO-S,12/23/1989 21:00,19.50462517
MISO-S,12/23/1989 22:00,19.06510644
MISO-S,12/23/1989 23:00,16.50248375
MISO-S,12/24/1989 0:00,12.62244083
MISO-S,12/24/1989 1:00,11.24954812
MISO-S,12/24/1989 2:00,10.29933295
MISO-S,12/24/1989 3:00,9.530512776
MISO-S,12/24/1989 4:00,8.968001715
MISO-S,12/24/1989 5:00,8.565342444
MISO-S,12/24/1989 6:00,8.177413746
MISO-S,12/24/1989 7:00,7.923601411
MISO-S,12/24/1989 8:00,7.724158248
MISO-S,12/24/1989 9:00,7.604461797
MISO-S,12/24/1989 10:00,7.555564386
MISO-S,12/24/1989 11:00,7.616855316
MISO-S,12/24/1989 12:00,7.605566714
MISO-S,12/24/1989 13:00,7.554142368
MISO-S,12/24/1989 14:00,10.85643917
MISO-S,12/24/1989 15:00,17.06364116
MISO-S,12/24/1989 16:00,21.90488416
MISO-S,12/24/1989 17:00,25.47142141
MISO-S,12/24/1989 18:00,28.76115262
MISO-S,12/24/1989 19:00,31.14431515
MISO-S,12/24/1989 20:00,32.78418455
MISO-S,12/24/1989 21:00,33.6689807
MISO-S,12/24/1989 22:00,33.42501676
MISO-S,12/24/1989 23:00,30.00330791
MISO-S,12/25/1989 0:00,26.45600635
MISO-S,12/25/1989 1:00,24.90063231
MISO-S,12/25/1989 2:00,23.88417745
MISO-S,12/25/1989 3:00,23.34282943
MISO-S,12/25/1989 4:00,22.88650874
MISO-S,12/25/1989 5:00,22.64355984
MISO-S,12/25/1989 6:00,22.50361361
MISO-S,12/25/1989 7:00,22.49571869
MISO-S,12/25/1989 8:00,22.52632101
MISO-S,12/25/1989 9:00,22.47852263
MISO-S,12/25/1989 10:00,22.44367418
MISO-S,12/25/1989 11:00,22.47912125
MISO-S,12/25/1989 12:00,22.54699235
MISO-S,12/25/1989 13:00,22.64083348
MISO-S,12/25/1989 14:00,24.99648689
MISO-S,12/25/1989 15:00,31.05264933
MISO-S,12/25/1989 16:00,37.0341789
MISO-S,12/25/1989 17:00,41.37323278
MISO-S,12/25/1989 18:00,44.78970517
MISO-S,12/25/1989 19:00,47.28250022
MISO-S,12/25/1989 20:00,48.92222108
MISO-S,12/25/1989 21:00,49.48693916
MISO-S,12/25/1989 22:00,48.32930816
MISO-S,12/25/1989 23:00,42.70263896
MISO-S,2/3/1996 0:00,25.64481614
MISO-S,2/3/1996 1:00,24.40045544
MISO-S,2/3/1996 2:00,23.32459347
MISO-S,2/3/1996 3:00,22.06592709
MISO-S,2/3/1996 4:00,20.87494707
MISO-S,2/3/1996 5:00,19.64673853
MISO-S,2/3/1996 6:00,18.55393355
MISO-S,2/3/1996 7:00,17.66971591
MISO-S,2/3/1996 8:00,16.88075034
MISO-S,2/3/1996 9:00,16.0057644
MISO-S,2/3/1996 10:00,15.12636281
MISO-S,2/3/1996 11:00,14.23916108
MISO-S,2/3/1996 12:00,13.3686514
MISO-S,2/3/1996 13:00,12.71990278
MISO-S,2/3/1996 14:00,13.58880731
MISO-S,2/3/1996 15:00,15.50541153
MISO-S,2/3/1996 16:00,17.91722893
MISO-S,2/3/1996 17:00,20.5596761
MISO-S,2/3/1996 18:00,23.01886409
MISO-S,2/3/1996 19:00,24.93594388
MISO-S,2/3/1996 20:00,26.142705
MISO-S,2/3/1996 21:00,26.70557884
MISO-S,2/3/1996 22:00,26.38510195
MISO-S,2/3/1996 23:00,24.89308589
MISO-S,2/4/1996 0:00,21.91172079
MISO-S,2/4/1996 1:00,20.20727772
MISO-S,2/4/1996 2:00,18.79173529
MISO-S,2/4/1996 3:00,17.51109546
MISO-S,2/4/1996 4:00,16.28953321
MISO-S,2/4/1996 5:00,15.08736647
MISO-S,2/4/1996 6:00,14.26294193
MISO-S,2/4/1996 7:00,13.58200065
MISO-S,2/4/1996 8:00,13.45228463
MISO-S,2/4/1996 9:00,13.05475285
MISO-S,2/4/1996 10:00,12.51815175
MISO-S,2/4/1996 11:00,11.88361423
MISO-S,2/4/1996 12:00,11.23871189
MISO-S,2/4/1996 13:00,10.79386442
MISO-S,2/4/1996 14:00,12.61650633
MISO-S,2/4/1996 15:00,16.02740638
MISO-S,2/4/1996 16:00,19.3907941
MISO-S,2/4/1996 17:00,22.23348422
MISO-S,2/4/1996 18:00,24.41343642
MISO-S,2/4/1996 19:00,26.16056548
MISO-S,2/4/1996 20:00,27.28903051
MISO-S,2/4/1996 21:00,27.76179127
MISO-S,2/4/1996 22:00,27.54775996
MISO-S,2/4/1996 23:00,26.24415991
MISO-S,2/5/1996 0:00,21.6934682
MISO-S,2/5/1996 1:00,19.6766344
MISO-S,2/5/1996 2:00,18.41633308
MISO-S,2/5/1996 3:00,17.43791453
MISO-S,2/5/1996 4:00,16.67264295
MISO-S,2/5/1996 5:00,16.09211986
MISO-S,2/5/1996 6:00,15.7104586
MISO-S,2/5/1996 7:00,15.44258737
MISO-S,2/5/1996 8:00,15.24459537
MISO-S,2/5/1996 9:00,15.13940533
MISO-S,2/5/1996 10:00,14.9802893
MISO-S,2/5/1996 11:00,14.8946205
MISO-S,2/5/1996 12:00,14.79030509
MISO-S,2/5/1996 13:00,14.73643069
MISO-S,2/5/1996 14:00,18.86488567
MISO-S,2/5/1996 15:00,25.81864676
MISO-S,2/5/1996 16:00,31.69727309
MISO-S,2/5/1996 17:00,36.18061828
MISO-S,2/5/1996 18:00,39.64049316
MISO-S,2/5/1996 19:00,42.05919579
MISO-S,2/5/1996 20:00,43.66367232
MISO-S,2/5/1996 21:00,44.25675149
MISO-S,2/5/1996 22:00,43.5415629
MISO-S,2/5/1996 23:00,41.38822351
MISO-S,7/31/1998 0:00,94.5275557
MISO-S,7/31/1998 1:00,89.71574413
MISO-S,7/31/1998 2:00,85.63454517
MISO-S,7/31/1998 3:00,82.60459916
MISO-S,7/31/1998 4:00,80.18214619
MISO-S,7/31/1998 5:00,78.54922325
MISO-S,7/31/1998 6:00,77.3060165
MISO-S,7/31/1998 7:00,76.1636029
MISO-S,7/31/1998 8:00,75.43696788
MISO-S,7/31/1998 9:00,74.72115685
MISO-S,7/31/1998 10:00,74.24017324
MISO-S,7/31/1998 11:00,73.63131564
MISO-S,7/31/1998 12:00,74.02782936
MISO-S,7/31/1998 13:00,77.08988745
MISO-S,7/31/1998 14:00,82.61890802
MISO-S,7/31/1998 15:00,87.1900814
MISO-S,7/31/1998 16:00,90.58391782
MISO-S,7/31/1998 17:00,93.78625881
MISO-S,7/31/1998 18:00,96.50068952
MISO-S,7/31/1998 19:00,98.33743678
MISO-S,7/31/1998 20:00,99.34956415
MISO-S,7/31/1998 21:00,99.63250817
MISO-S,7/31/1998 22:00,99.20772149
MISO-S,7/31/1998 23:00,97.83132117
MISO-S,8/1/1998 0:00,94.98712657
MISO-S,8/1/1998 1:00,89.88901135
MISO-S,8/1/1998 2:00,85.71048857
MISO-S,8/1/1998 3:00,82.52613381
MISO-S,8/1/1998 4:00,79.4361829
MISO-S,8/1/1998 5:00,77.02223017
MISO-S,8/1/1998 6:00,75.24603623
MISO-S,8/1/1998 7:00,73.83557565
MISO-S,8/1/1998 8:00,72.6572254
MISO-S,8/1/1998 9:00,71.53954917
MISO-S,8/1/1998 10:00,70.64152947
MISO-S,8/1/1998 11:00,69.89133436
MISO-S,8/1/1998 12:00,70.59620162
MISO-S,8/1/1998 13:00,76.30539186
MISO-S,8/1/1998 14:00,82.86945294
MISO-S,8/1/1998 15:00,87.83399557
MISO-S,8/1/1998 16:00,91.95365463
MISO-S,8/1/1998 17:00,95.52270055
MISO-S,8/1/1998 18:00,98.28967355
MISO-S,8/1/1998 19:00,100.0255574
MISO-S,8/1/1998 20:00,100.9059643
MISO-S,8/1/1998 21:00,101.1423503
MISO-S,8/1/1998 22:00,100.6411123
MISO-S,8/1/1998 23:00,99.12920929
MISO-S,7/14/2000 0:00,93.94162655
MISO-S,7/14/2000 1:00,90.14209778
MISO-S,7/14/2000 2:00,87.06519312
MISO-S,7/14/2000 3:00,84.88103388
MISO-S,7/14/2000 4:00,82.78829784
MISO-S,7/14/2000 5:00,80.69014293
MISO-S,7/14/2000 6:00,78.92334528
MISO-S,7/14/2000 7:00,77.53017853
MISO-S,7/14/2000 8:00,76.43554167
MISO-S,7/14/2000 9:00,75.62351897
MISO-S,7/14/2000 10:00,75.00556257
MISO-S,7/14/2000 11:00,74.52998912
MISO-S,7/14/2000 12:00,75.99448233
MISO-S,7/14/2000 13:00,81.18168137
MISO-S,7/14/2000 14:00,86.39652696
MISO-S,7/14/2000 15:00,90.20309393
MISO-S,7/14/2000 16:00,93.59908056
MISO-S,7/14/2000 17:00,96.37295878
MISO-S,7/14/2000 18:00,98.18661997
MISO-S,7/14/2000 19:00,99.09764428
MISO-S,7/14/2000 20:00,100.0553845
MISO-S,7/14/2000 21:00,100.3831578
MISO-S,7/14/2000 22:00,99.89338366
MISO-S,7/14/2000 23:00,98.52535012
MISO-S,7/15/2000 0:00,96.00505224
MISO-S,7/15/2000 1:00,91.62815369
MISO-S,7/15/2000 2:00,87.92600399
MISO-S,7/15/2000 3:00,85.63074955
MISO-S,7/15/2000 4:00,83.69698944
MISO-S,7/15/2000 5:00,81.79840671
MISO-S,7/15/2000 6:00,80.05869649
MISO-S,7/15/2000 7:00,78.54624866
MISO-S,7/15/2000 8:00,77.21148673
MISO-S,7/15/2000 9:00,75.8603563
MISO-S,7/15/2000 10:00,74.63019323
MISO-S,7/15/2000 11:00,73.64652102
MISO-S,7/15/2000 12:00,75.83870234
MISO-S,7/15/2000 13:00,81.64367938
MISO-S,7/15/2000 14:00,87.91361445
MISO-S,7/15/2000 15:00,92.54560555
MISO-S,7/15/2000 16:00,95.96762874
MISO-S,7/15/2000 17:00,98.59143304
MISO-S,7/15/2000 18:00,100.5642839
MISO-S,7/15/2000 19:00,102.0383203
MISO-S,7/15/2000 20:00,102.868691
MISO-S,7/15/2000 21:00,102.9458728
MISO-S,7/15/2000 22:00,102.1468809
MISO-S,7/15/2000 23:00,100.0611929
MISO-S,7/16/2000 0:00,96.12872702
MISO-S,7/16/2000 1:00,91.04957825
MISO-S,7/16/2000 2:00,87.49962375
MISO-S,7/16/2000 3:00,84.85517505
MISO-S,7/16/2000 4:00,82.21107258
MISO-S,7/16/2000 5:00,79.82360099
MISO-S,7/16/2000 6:00,77.93447129
MISO-S,7/16/2000 7:00,76.17801675
MISO-S,7/16/2000 8:00,74.81367015
MISO-S,7/16/2000 9:00,73.72775847
MISO-S,7/16/2000 10:00,72.77259245
MISO-S,7/16/2000 11:00,71.81306414
MISO-S,7/16/2000 12:00,73.72764515
MISO-S,7/16/2000 13:00,80.30098955
MISO-S,7/16/2000 14:00,87.01292887
MISO-S,7/16/2000 15:00,91.85358879
MISO-S,7/16/2000 16:00,95.33297648
MISO-S,7/16/2000 17:00,97.80159941
MISO-S,7/16/2000 18:00,99.53626277
MISO-S,7/16/2000 19:00,100.7329619
MISO-S,7/16/2000 20:00,101.0090084
MISO-S,7/16/2000 21:00,100.4474487
MISO-S,7/16/2000 22:00,99.14566957
MISO-S,7/16/2000 23:00,97.02143778
MISO-S,8/29/2000 0:00,93.98386626
MISO-S,8/29/2000 1:00,89.11205791
MISO-S,8/29/2000 2:00,86.03105935
MISO-S,8/29/2000 3:00,83.40865049
MISO-S,8/29/2000 4:00,80.87245661
MISO-S,8/29/2000 5:00,78.56519207
MISO-S,8/29/2000 6:00,76.80639628
MISO-S,8/29/2000 7:00,75.3592973
MISO-S,8/29/2000 8:00,74.39209629
MISO-S,8/29/2000 9:00,73.66305158
MISO-S,8/29/2000 10:00,73.05798684
MISO-S,8/29/2000 11:00,72.42694344
MISO-S,8/29/2000 12:00,72.50696069
MISO-S,8/29/2000 13:00,77.35624849
MISO-S,8/29/2000 14:00,84.6602777
MISO-S,8/29/2000 15:00,89.58496474
MISO-S,8/29/2000 16:00,93.48630624
MISO-S,8/29/2000 17:00,96.54306857
MISO-S,8/29/2000 18:00,98.86146746
MISO-S,8/29/2000 19:00,100.6844188
MISO-S,8/29/2000 20:00,101.7678118
MISO-S,8/29/2000 21:00,102.0412053
MISO-S,8/29/2000 22:00,101.4170537
MISO-S,8/29/2000 23:00,99.67198176
MISO-S,8/30/2000 0:00,95.6448509
MISO-S,8/30/2000 1:00,90.80876743
MISO-S,8/30/2000 2:00,87.81230024
MISO-S,8/30/2000 3:00,85.40052854
MISO-S,8/30/2000 4:00,83.25358132
MISO-S,8/30/2000 5:00,81.2312788
MISO-S,8/30/2000 6:00,79.24463279
MISO-S,8/30/2000 7:00,77.8176431
MISO-S,8/30/2000 8:00,76.74679682
MISO-S,8/30/2000 9:00,75.74032981
MISO-S,8/30/2000 10:00,74.78800186
MISO-S,8/30/2000 11:00,73.98080507
MISO-S,8/30/2000 12:00,73.71050828
MISO-S,8/30/2000 13:00,78.77979608
MISO-S,8/30/2000 14:00,86.2846403
MISO-S,8/30/2000 15:00,92.33621231
MISO-S,8/30/2000 16:00,96.37228027
MISO-S,8/30/2000 17:00,99.47146829
MISO-S,8/30/2000 18:00,101.7062865
MISO-S,8/30/2000 19:00,103.164702
MISO-S,8/30/2000 20:00,103.5894381
MISO-S,8/30/2000 21:00,103.1842735
MISO-S,8/30/2000 22:00,102.1277955
MISO-S,8/30/2000 23:00,100.1946493
MISO-S,8/31/2000 0:00,95.88147403
MISO-S,8/31/2000 1:00,91.26860201
MISO-S,8/31/2000 2:00,88.53506618
MISO-S,8/31/2000 3:00,86.33940104
MISO-S,8/31/2000 4:00,84.06593326
MISO-S,8/31/2000 5:00,82.03865593
MISO-S,8/31/2000 6:00,80.47407127
MISO-S,8/31/2000 7:00,79.12929441
MISO-S,8/31/2000 8:00,78.08836219
MISO-S,8/31/2000 9:00,77.34886235
MISO-S,8/31/2000 10:00,76.53307044
MISO-S,8/31/2000 11:00,75.66357937
MISO-S,8/31/2000 12:00,75.35268411
MISO-S,8/31/2000 13:00,80.42022058
MISO-S,8/31/2000 14:00,87.17239525
MISO-S,8/31/2000 15:00,92.45426563
MISO-S,8/31/2000 16:00,96.80916117
MISO-S,8/31/2000 17:00,100.0210545
MISO-S,8/31/2000 18:00,102.0870207
MISO-S,8/31/2000 19:00,103.0605501
MISO-S,8/31/2000 20:00,102.9503318
MISO-S,8/31/2000 21:00,101.9931477
MISO-S,8/31/2000 22:00,100.9661117
MISO-S,8/31/2000 23:00,97.67655753
MISO-S,9/1/2000 0:00,93.00635128
MISO-S,9/1/2000 1:00,89.0278517
MISO-S,9/1/2000 2:00,87.38217365
MISO-S,9/1/2000 3:00,85.65582375
MISO-S,9/1/2000 4:00,84.02125154
MISO-S,9/1/2000 5:00,82.46143649
MISO-S,9/1/2000 6:00,80.91170658
MISO-S,9/1/2000 7:00,79.52497039
MISO-S,9/1/2000 8:00,78.44339518
MISO-S,9/1/2000 9:00,77.49629589
MISO-S,9/1/2000 10:00,77.03815087
MISO-S,9/1/2000 11:00,76.68109926
MISO-S,9/1/2000 12:00,76.43210699
MISO-S,9/1/2000 13:00,80.3780081
MISO-S,9/1/2000 14:00,85.21266716
MISO-S,9/1/2000 15:00,89.297075
MISO-S,9/1/2000 16:00,92.42428047
MISO-S,9/1/2000 17:00,95.52692699
MISO-S,9/1/2000 18:00,98.6727779
MISO-S,9/1/2000 19:00,100.4964546
MISO-S,9/1/2000 20:00,101.5250272
MISO-S,9/1/2000 21:00,101.4353816
MISO-S,9/1/2000 22:00,100.822964
MISO-S,9/1/2000 23:00,99.37088698
MISO-S,9/2/2000 0:00,95.00962171
MISO-S,9/2/2000 1:00,90.02552869
MISO-S,9/2/2000 2:00,87.48542733
MISO-S,9/2/2000 3:00,85.8059001
MISO-S,9/2/2000 4:00,83.47063662
MISO-S,9/2/2000 5:00,81.96710517
MISO-S,9/2/2000 6:00,80.31504195
MISO-S,9/2/2000 7:00,78.67416398
MISO-S,9/2/2000 8:00,77.26763067
MISO-S,9/2/2000 9:00,76.23348716
MISO-S,9/2/2000 10:00,75.60489582
MISO-S,9/2/2000 11:00,74.87017774
MISO-S,9/2/2000 12:00,74.29889509
MISO-S,9/2/2000 13:00,78.61143656
MISO-S,9/2/2000 14:00,84.99850491
MISO-S,9/2/2000 15:00,90.06681743
MISO-S,9/2/2000 16:00,94.362399
MISO-S,9/2/2000 17:00,97.76325578
MISO-S,9/2/2000 18:00,100.1234775
MISO-S,9/2/2000 19:00,101.6092852
MISO-S,9/2/2000 20:00,102.4567017
MISO-S,9/2/2000 21:00,102.5309177
MISO-S,9/2/2000 22:00,101.9199234
MISO-S,9/2/2000 23:00,100.2701302
MISO-S,9/3/2000 0:00,96.1112041
MISO-S,9/3/2000 1:00,90.64893466
MISO-S,9/3/2000 2:00,87.87636544
MISO-S,9/3/2000 3:00,85.78103852
MISO-S,9/3/2000 4:00,83.76139124
MISO-S,9/3/2000 5:00,82.04809295
MISO-S,9/3/2000 6:00,80.65814286
MISO-S,9/3/2000 7:00,79.4339636
MISO-S,9/3/2000 8:00,78.36542308
MISO-S,9/3/2000 9:00,77.36347136
MISO-S,9/3/2000 10:00,76.46367028
MISO-S,9/3/2000 11:00,76.07437317
MISO-S,9/3/2000 12:00,75.87861396
MISO-S,9/3/2000 13:00,79.60144791
MISO-S,9/3/2000 14:00,86.1002014
MISO-S,9/3/2000 15:00,91.56388903
MISO-S,9/3/2000 16:00,95.92711006
MISO-S,9/3/2000 17:00,99.42018548
MISO-S,9/3/2000 18:00,101.9054351
MISO-S,9/3/2000 19:00,103.4702755
MISO-S,9/3/2000 20:00,104.2893121
MISO-S,9/3/2000 21:00,104.4612086
MISO-S,9/3/2000 22:00,103.4877764
MISO-S,9/3/2000 23:00,101.7092339
MISO-S,9/4/2000 0:00,97.28653548
MISO-S,9/4/2000 1:00,91.77670235
MISO-S,9/4/2000 2:00,88.56656036
MISO-S,9/4/2000 3:00,86.1953631
MISO-S,9/4/2000 4:00,84.12475003
MISO-S,9/4/2000 5:00,82.13837744
MISO-S,9/4/2000 6:00,80.2068351
MISO-S,9/4/2000 7:00,78.21080183
MISO-S,9/4/2000 8:00,76.7622159
MISO-S,9/4/2000 9:00,75.6317569
MISO-S,9/4/2000 10:00,74.67421835
MISO-S,9/4/2000 11:00,73.93455304
MISO-S,9/4/2000 12:00,73.70897455
MISO-S,9/4/2000 13:00,78.72351267
MISO-S,9/4/2000 14:00,87.0270572
MISO-S,9/4/2000 15:00,93.91511408
MISO-S,9/4/2000 16:00,98.70530011
MISO-S,9/4/2000 17:00,101.9462272
MISO-S,9/4/2000 18:00,103.9380469
MISO-S,9/4/2000 19:00,105.2827201
MISO-S,9/4/2000 20:00,105.719577
MISO-S,9/4/2000 21:00,105.2915092
MISO-S,9/4/2000 22:00,104.0600465
MISO-S,9/4/2000 23:00,101.5287111
MISO-S,9/5/2000 0:00,96.76681026
MISO-S,9/5/2000 1:00,91.48167016
MISO-S,9/5/2000 2:00,88.29125153
MISO-S,9/5/2000 3:00,85.73481399
MISO-S,9/5/2000 4:00,83.22920253
MISO-S,9/5/2000 5:00,81.43841955
MISO-S,9/5/2000 6:00,79.98933255
MISO-S,9/5/2000 7:00,78.49404462
MISO-S,9/5/2000 8:00,77.20879575
MISO-S,9/5/2000 9:00,75.88920504
MISO-S,9/5/2000 10:00,74.4802534
MISO-S,9/5/2000 11:00,73.68434567
MISO-S,9/5/2000 12:00,73.48630295
MISO-S,9/5/2000 13:00,78.53158284
MISO-S,9/5/2000 14:00,85.91647203
MISO-S,9/5/2000 15:00,91.46719189
MISO-S,9/5/2000 16:00,95.05843154
MISO-S,9/5/2000 17:00,97.74876792
MISO-S,9/5/2000 18:00,99.57497055
MISO-S,9/5/2000 19:00,100.85971
MISO-S,9/5/2000 20:00,101.2258886
MISO-S,9/5/2000 21:00,100.7959026
MISO-S,9/5/2000 22:00,99.62536836
MISO-S,9/5/2000 23:00,97.49828917
MISO-S,1/3/2001 0:00,28.1333347
MISO-S,1/3/2001 1:00,26.44295822
MISO-S,1/3/2001 2:00,25.1033453
MISO-S,1/3/2001 3:00,23.98322996
MISO-S,1/3/2001 4:00,23.09681144
MISO-S,1/3/2001 5:00,22.20817263
MISO-S,1/3/2001 6:00,21.4557727
MISO-S,1/3/2001 7:00,20.73553715
MISO-S,1/3/2001 8:00,20.12270072
MISO-S,1/3/2001 9:00,19.86405731
MISO-S,1/3/2001 10:00,19.57366013
MISO-S,1/3/2001 11:00,19.38123399
MISO-S,1/3/2001 12:00,19.45481607
MISO-S,1/3/2001 13:00,19.44872917
MISO-S,1/3/2001 14:00,21.40462989
MISO-S,1/3/2001 15:00,26.15591798
MISO-S,1/3/2001 16:00,30.66940114
MISO-S,1/3/2001 17:00,33.76098633
MISO-S,1/3/2001 18:00,36.02615569
MISO-S,1/3/2001 19:00,37.50586175
MISO-S,1/3/2001 20:00,38.34716657
MISO-S,1/3/2001 21:00,38.65471214
MISO-S,1/3/2001 22:00,38.1947651
MISO-S,1/3/2001 23:00,34.561689
MISO-S,8/12/2007 0:00,95.38067948
MISO-S,8/12/2007 1:00,90.62643348
MISO-S,8/12/2007 2:00,87.17330213
MISO-S,8/12/2007 3:00,85.00872128
MISO-S,8/12/2007 4:00,83.26537191
MISO-S,8/12/2007 5:00,81.59010593
MISO-S,8/12/2007 6:00,80.02009159
MISO-S,8/12/2007 7:00,78.65862077
MISO-S,8/12/2007 8:00,77.5685516
MISO-S,8/12/2007 9:00,76.56140492
MISO-S,8/12/2007 10:00,75.66021421
MISO-S,8/12/2007 11:00,74.81110274
MISO-S,8/12/2007 12:00,74.83121907
MISO-S,8/12/2007 13:00,79.6392903
MISO-S,8/12/2007 14:00,85.73153443
MISO-S,8/12/2007 15:00,90.90109604
MISO-S,8/12/2007 16:00,94.9979483
MISO-S,8/12/2007 17:00,97.74017902
MISO-S,8/12/2007 18:00,99.32369131
MISO-S,8/12/2007 19:00,100.1330447
MISO-S,8/12/2007 20:00,100.3922005
MISO-S,8/12/2007 21:00,100.4041373
MISO-S,8/12/2007 22:00,100.1585332
MISO-S,8/12/2007 23:00,99.16711463
MISO-S,8/13/2007 0:00,96.30458399
MISO-S,8/13/2007 1:00,91.44235629
MISO-S,8/13/2007 2:00,88.4476733
MISO-S,8/13/2007 3:00,86.1429673
MISO-S,8/13/2007 4:00,84.17075136
MISO-S,8/13/2007 5:00,82.72438262
MISO-S,8/13/2007 6:00,81.49544194
MISO-S,8/13/2007 7:00,80.09088435
MISO-S,8/13/2007 8:00,78.76572412
MISO-S,8/13/2007 9:00,77.72400933
MISO-S,8/13/2007 10:00,76.67912739
MISO-S,8/13/2007 11:00,75.75950984
MISO-S,8/13/2007 12:00,75.77518561
MISO-S,8/13/2007 13:00,80.21060792
MISO-S,8/13/2007 14:00,86.6010993
MISO-S,8/13/2007 15:00,92.02193314
MISO-S,8/13/2007 16:00,96.12314317
MISO-S,8/13/2007 17:00,98.62019632
MISO-S,8/13/2007 18:00,100.1913473
MISO-S,8/13/2007 19:00,101.2792907
MISO-S,8/13/2007 20:00,101.8729219
MISO-S,8/13/2007 21:00,101.6716111
MISO-S,8/13/2007 22:00,100.7567156
MISO-S,8/13/2007 23:00,98.83971024
MISO-S,8/14/2007 0:00,95.28378745
MISO-S,8/14/2007 1:00,91.13221858
MISO-S,8/14/2007 2:00,88.10012343
MISO-S,8/14/2007 3:00,85.73510707
MISO-S,8/14/2007 4:00,83.76736383
MISO-S,8/14/2007 5:00,81.92449085
MISO-S,8/14/2007 6:00,80.41834361
MISO-S,8/14/2007 7:00,79.14788192
MISO-S,8/14/2007 8:00,78.08335256
MISO-S,8/14/2007 9:00,77.11647884
MISO-S,8/14/2007 10:00,76.24281659
MISO-S,8/14/2007 11:00,75.48858832
MISO-S,8/14/2007 12:00,76.11632036
MISO-S,8/14/2007 13:00,80.01295644
MISO-S,8/14/2007 14:00,85.76809197
MISO-S,8/14/2007 15:00,90.34096485
MISO-S,8/14/2007 16:00,93.9377669
MISO-S,8/14/2007 17:00,96.61337304
MISO-S,8/14/2007 18:00,98.55826806
MISO-S,8/14/2007 19:00,99.86420028
MISO-S,8/14/2007 20:00,100.5222116
MISO-S,8/14/2007 21:00,100.5713613
MISO-S,8/14/2007 22:00,99.88311852
MISO-S,8/14/2007 23:00,98.25340272
MISO-S,1/8/2010 0:00,27.82044736
MISO-S,1/8/2010 1:00,26.29291677
MISO-S,1/8/2010 2:00,24.69260587
MISO-S,1/8/2010 3:00,23.17785996
MISO-S,1/8/2010 4:00,21.88938552
MISO-S,1/8/2010 5:00,20.5609818
MISO-S,1/8/2010 6:00,19.29797356
MISO-S,1/8/2010 7:00,18.20752829
MISO-S,1/8/2010 8:00,17.26814856
MISO-S,1/8/2010 9:00,16.35217712
MISO-S,1/8/2010 10:00,15.54166563
MISO-S,1/8/2010 11:00,14.87305981
MISO-S,1/8/2010 12:00,14.3197729
MISO-S,1/8/2010 13:00,13.82315085
MISO-S,1/8/2010 14:00,14.33710183
MISO-S,1/8/2010 15:00,15.95293336
MISO-S,1/8/2010 16:00,18.20526441
MISO-S,1/8/2010 17:00,20.51829322
MISO-S,1/8/2010 18:00,22.58420363
MISO-S,1/8/2010 19:00,24.11613072
MISO-S,1/8/2010 20:00,24.99084018
MISO-S,1/8/2010 21:00,25.29027491
MISO-S,1/8/2010 22:00,24.82478013
MISO-S,1/8/2010 23:00,23.40834965
MISO-S,1/9/2010 0:00,22.04667761
MISO-S,1/9/2010 1:00,21.35855775
MISO-S,1/9/2010 2:00,20.6533319
MISO-S,1/9/2010 3:00,19.89135839
MISO-S,1/9/2010 4:00,18.94230333
MISO-S,1/9/2010 5:00,18.04006658
MISO-S,1/9/2010 6:00,17.24535289
MISO-S,1/9/2010 7:00,16.49568994
MISO-S,1/9/2010 8:00,15.72649198
MISO-S,1/9/2010 9:00,15.02551227
MISO-S,1/9/2010 10:00,14.33661334
MISO-S,1/9/2010 11:00,13.71841647
MISO-S,1/9/2010 12:00,13.16965597
MISO-S,1/9/2010 13:00,12.72442982
MISO-S,1/9/2010 14:00,14.65767878
MISO-S,1/9/2010 15:00,18.71783475
MISO-S,1/9/2010 16:00,23.12026209
MISO-S,1/9/2010 17:00,26.90545647
MISO-S,1/9/2010 18:00,29.63165108
MISO-S,1/9/2010 19:00,31.5633679
MISO-S,1/9/2010 20:00,32.85469162
MISO-S,1/9/2010 21:00,33.3669541
MISO-S,1/9/2010 22:00,32.8673754
MISO-S,1/9/2010 23:00,29.43160421
MISO-S,1/10/2010 0:00,25.35468436
MISO-S,1/10/2010 1:00,23.76117755
MISO-S,1/10/2010 2:00,22.64882805
MISO-S,1/10/2010 3:00,21.8062435
MISO-S,1/10/2010 4:00,21.05497541
MISO-S,1/10/2010 5:00,20.3705597
MISO-S,1/10/2010 6:00,19.75124593
MISO-S,1/10/2010 7:00,19.25563635
MISO-S,1/10/2010 8:00,18.8818101
MISO-S,1/10/2010 9:00,18.48969781
MISO-S,1/10/2010 10:00,18.04723297
MISO-S,1/10/2010 11:00,17.63904663
MISO-S,1/10/2010 12:00,17.29473139
MISO-S,1/10/2010 13:00,16.89837377
MISO-S,1/10/2010 14:00,19.57856734
MISO-S,1/10/2010 15:00,24.90422919
MISO-S,1/10/2010 16:00,29.18890561
MISO-S,1/10/2010 17:00,32.10665193
MISO-S,1/10/2010 18:00,34.54389819
MISO-S,1/10/2010 19:00,36.47958472
MISO-S,1/10/2010 20:00,37.67712291
MISO-S,1/10/2010 21:00,38.07909134
MISO-S,1/10/2010 22:00,37.43509967
MISO-S,1/10/2010 23:00,33.46770824
MISO-S,8/2/2011 0:00,95.71222996
MISO-S,8/2/2011 1:00,91.35120401
MISO-S,8/2/2011 2:00,88.04206097
MISO-S,8/2/2011 3:00,85.79636929
MISO-S,8/2/2011 4:00,83.9295146
MISO-S,8/2/2011 5:00,82.35935637
MISO-S,8/2/2011 6:00,80.82375327
MISO-S,8/2/2011 7:00,79.34106942
MISO-S,8/2/2011 8:00,78.19677499
MISO-S,8/2/2011 9:00,77.22594042
MISO-S,8/2/2011 10:00,76.28507062
MISO-S,8/2/2011 11:00,75.48182366
MISO-S,8/2/2011 12:00,76.79134287
MISO-S,8/2/2011 13:00,81.97895596
MISO-S,8/2/2011 14:00,87.44977736
MISO-S,8/2/2011 15:00,91.48498946
MISO-S,8/2/2011 16:00,94.73225157
MISO-S,8/2/2011 17:00,97.28044698
MISO-S,8/2/2011 18:00,99.25850968
MISO-S,8/2/2011 19:00,100.7752154
MISO-S,8/2/2011 20:00,101.5087676
MISO-S,8/2/2011 21:00,101.5106457
MISO-S,8/2/2011 22:00,100.6555209
MISO-S,8/2/2011 23:00,98.80874426
MISO-S,8/3/2011 0:00,95.82863096
MISO-S,8/3/2011 1:00,91.1986311
MISO-S,8/3/2011 2:00,88.10037212
MISO-S,8/3/2011 3:00,85.81980895
MISO-S,8/3/2011 4:00,83.9152837
MISO-S,8/3/2011 5:00,81.94183518
MISO-S,8/3/2011 6:00,80.13087154
MISO-S,8/3/2011 7:00,78.60341888
MISO-S,8/3/2011 8:00,77.32896918
MISO-S,8/3/2011 9:00,76.32294543
MISO-S,8/3/2011 10:00,75.59428996
MISO-S,8/3/2011 11:00,74.87214487
MISO-S,8/3/2011 12:00,75.75064885
MISO-S,8/3/2011 13:00,81.34715205
MISO-S,8/3/2011 14:00,87.79804588
MISO-S,8/3/2011 15:00,92.37328271
MISO-S,8/3/2011 16:00,95.5172249
MISO-S,8/3/2011 17:00,98.16481921
MISO-S,8/3/2011 18:00,100.2691364
MISO-S,8/3/2011 19:00,101.8999061
MISO-S,8/3/2011 20:00,102.8182742
MISO-S,8/3/2011 21:00,103.0767944
MISO-S,8/3/2011 22:00,102.5344587
MISO-S,8/3/2011 23:00,101.0475059
MISO-S,8/4/2011 0:00,98.29353667
MISO-S,8/4/2011 1:00,93.38784674
MISO-S,8/4/2011 2:00,89.92207024
MISO-S,8/4/2011 3:00,87.27704358
MISO-S,8/4/2011 4:00,85.13029115
MISO-S,8/4/2011 5:00,83.26182081
MISO-S,8/4/2011 6:00,81.57704487
MISO-S,8/4/2011 7:00,80.05828145
MISO-S,8/4/2011 8:00,78.77895419
MISO-S,8/4/2011 9:00,77.80742866
MISO-S,8/4/2011 10:00,77.00736093
MISO-S,8/4/2011 11:00,76.23037798
MISO-S,8/4/2011 12:00,77.17365157
MISO-S,8/4/2011 13:00,82.14074477
MISO-S,8/4/2011 14:00,87.63868997
MISO-S,8/4/2011 15:00,91.81726472
MISO-S,8/4/2011 16:00,95.04355247
MISO-S,8/4/2011 17:00,97.801025
MISO-S,8/4/2011 18:00,99.89787513
MISO-S,8/4/2011 19:00,101.498198
MISO-S,8/4/2011 20:00,102.3962748
MISO-S,8/4/2011 21:00,102.5574809
MISO-S,8/4/2011 22:00,101.8436855
MISO-S,8/4/2011 23:00,99.6736891
MISO-S,8/5/2011 0:00,96.42388319
MISO-S,8/5/2011 1:00,91.93627625
MISO-S,8/5/2011 2:00,88.9880403
MISO-S,8/5/2011 3:00,86.8264454
MISO-S,8/5/2011 4:00,84.94042751
MISO-S,8/5/2011 5:00,83.20960395
MISO-S,8/5/2011 6:00,81.43414648
MISO-S,8/5/2011 7:00,79.76390753
MISO-S,8/5/2011 8:00,78.48215084
MISO-S,8/5/2011 9:00,77.49421691
MISO-S,8/5/2011 10:00,76.69995704
MISO-S,8/5/2011 11:00,75.99820225
MISO-S,8/5/2011 12:00,76.58735989
MISO-S,8/5/2011 13:00,81.51764661
MISO-S,8/5/2011 14:00,86.59727
MISO-S,8/5/2011 15:00,90.35238903
MISO-S,8/5/2011 16:00,93.48234934
MISO-S,8/5/2011 17:00,96.00672857
MISO-S,8/5/2011 18:00,98.03149814
MISO-S,8/5/2011 19:00,99.60607165
MISO-S,8/5/2011 20:00,100.4348848
MISO-S,8/5/2011 21:00,100.40127
MISO-S,8/5/2011 22:00,99.46373091
MISO-S,8/5/2011 23:00,97.52186714
MISO-S,8/17/2011 0:00,93.38654539
MISO-S,8/17/2011 1:00,88.53184862
MISO-S,8/17/2011 2:00,85.11572733
MISO-S,8/17/2011 3:00,82.50557253
MISO-S,8/17/2011 4:00,80.21016091
MISO-S,8/17/2011 5:00,77.93019537
MISO-S,8/17/2011 6:00,75.99700537
MISO-S,8/17/2011 7:00,74.57069818
MISO-S,8/17/2011 8:00,73.44911951
MISO-S,8/17/2011 9:00,72.62756104
MISO-S,8/17/2011 10:00,71.83463524
MISO-S,8/17/2011 11:00,71.20176957
MISO-S,8/17/2011 12:00,71.40604718
MISO-S,8/17/2011 13:00,76.48205425
MISO-S,8/17/2011 14:00,83.60926527
MISO-S,8/17/2011 15:00,88.56813623
MISO-S,8/17/2011 16:00,92.63386249
MISO-S,8/17/2011 17:00,95.85002877
MISO-S,8/17/2011 18:00,98.19948077
MISO-S,8/17/2011 19:00,99.831661
MISO-S,8/17/2011 20:00,100.5095262
MISO-S,8/17/2011 21:00,100.2895568
MISO-S,8/17/2011 22:00,99.31274182
MISO-S,8/17/2011 23:00,97.41090708
MISO-S,8/18/2011 0:00,94.24597929
MISO-S,8/18/2011 1:00,89.48330567
MISO-S,8/18/2011 2:00,86.50879862
MISO-S,8/18/2011 3:00,84.24155632
MISO-S,8/18/2011 4:00,82.27458713
MISO-S,8/18/2011 5:00,80.368214
MISO-S,8/18/2011 6:00,78.70572624
MISO-S,8/18/2011 7:00,77.09200704
MISO-S,8/18/2011 8:00,75.65845405
MISO-S,8/18/2011 9:00,74.72948781
MISO-S,8/18/2011 10:00,73.85784173
MISO-S,8/18/2011 11:00,73.06154183
MISO-S,8/18/2011 12:00,73.02650845
MISO-S,8/18/2011 13:00,78.75185581
MISO-S,8/18/2011 14:00,85.87782871
MISO-S,8/18/2011 15:00,91.24898537
MISO-S,8/18/2011 16:00,94.79200743
MISO-S,8/18/2011 17:00,97.47938828
MISO-S,8/18/2011 18:00,99.28014705
MISO-S,8/18/2011 19:00,100.5905257
MISO-S,8/18/2011 20:00,101.2573045
MISO-S,8/18/2011 21:00,101.1480612
MISO-S,8/18/2011 22:00,100.056628
MISO-S,8/18/2011 23:00,97.67970716
MISO-S,8/19/2011 0:00,93.94936411
MISO-S,8/19/2011 1:00,89.22061044
MISO-S,8/19/2011 2:00,86.16825616
MISO-S,8/19/2011 3:00,83.85526857
MISO-S,8/19/2011 4:00,81.94031163
MISO-S,8/19/2011 5:00,80.12665113
MISO-S,8/19/2011 6:00,78.20760653
MISO-S,8/19/2011 7:00,76.46916851
MISO-S,8/19/2011 8:00,75.19761167
MISO-S,8/19/2011 9:00,74.04711944
MISO-S,8/19/2011 10:00,73.09895127
MISO-S,8/19/2011 11:00,72.47604795
MISO-S,8/19/2011 12:00,72.39791611
MISO-S,8/19/2011 13:00,78.01004724
MISO-S,8/19/2011 14:00,84.74507552
MISO-S,8/19/2011 15:00,89.95209408
MISO-S,8/19/2011 16:00,93.70207908
MISO-S,8/19/2011 17:00,96.78874783
MISO-S,8/19/2011 18:00,99.10836514
MISO-S,8/19/2011 19:00,100.7823134
MISO-S,8/19/2011 20:00,101.7319505
MISO-S,8/19/2011 21:00,101.8836183
MISO-S,8/19/2011 22:00,101.1608289
MISO-S,8/19/2011 23:00,99.21075155
MISO-S,8/20/2011 0:00,95.57919055
MISO-S,8/20/2011 1:00,90.22640394
MISO-S,8/20/2011 2:00,86.95479512
MISO-S,8/20/2011 3:00,84.3802359
MISO-S,8/20/2011 4:00,82.08738237
MISO-S,8/20/2011 5:00,80.12027014
MISO-S,8/20/2011 6:00,78.29324473
MISO-S,8/20/2011 7:00,76.71754159
MISO-S,8/20/2011 8:00,75.4155216
MISO-S,8/20/2011 9:00,74.2725343
MISO-S,8/20/2011 10:00,73.25206903
MISO-S,8/20/2011 11:00,72.47592123
MISO-S,8/20/2011 12:00,73.00936388
MISO-S,8/20/2011 13:00,78.6733786
MISO-S,8/20/2011 14:00,86.0166402
MISO-S,8/20/2011 15:00,90.85936544
MISO-S,8/20/2011 16:00,94.58664056
MISO-S,8/20/2011 17:00,97.45913313
MISO-S,8/20/2011 18:00,99.5906202
MISO-S,8/20/2011 19:00,101.1367983
MISO-S,8/20/2011 20:00,101.8853751
MISO-S,8/20/2011 21:00,101.7354839
MISO-S,8/20/2011 22:00,100.4435442
MISO-S,8/20/2011 23:00,98.0189551
MISO-S,8/21/2011 0:00,94.00509093
MISO-S,8/21/2011 1:00,89.41055101
MISO-S,8/21/2011 2:00,86.51951934
MISO-S,8/21/2011 3:00,84.29938023
MISO-S,8/21/2011 4:00,82.09862923
MISO-S,8/21/2011 5:00,79.5773938
MISO-S,8/21/2011 6:00,78.10578279
MISO-S,8/21/2011 7:00,77.15228004
MISO-S,8/21/2011 8:00,76.23862339
MISO-S,8/21/2011 9:00,75.34950954
MISO-S,8/21/2011 10:00,74.61078779
MISO-S,8/21/2011 11:00,74.02164375
MISO-S,8/21/2011 12:00,74.12550205
MISO-S,8/21/2011 13:00,79.39166473
MISO-S,8/21/2011 14:00,85.41407277
MISO-S,8/21/2011 15:00,89.50304019
MISO-S,8/21/2011 16:00,92.88871608
MISO-S,8/21/2011 17:00,95.65354716
MISO-S,8/21/2011 18:00,97.75980995
MISO-S,8/21/2011 19:00,99.38987197
MISO-S,8/21/2011 20:00,100.3939547
MISO-S,8/21/2011 21:00,100.4389864
MISO-S,8/21/2011 22:00,99.50735918
MISO-S,8/21/2011 23:00,97.3478908
MISO-S,8/22/2011 0:00,93.65993946
MISO-S,8/22/2011 1:00,89.23574228
MISO-S,8/22/2011 2:00,86.49735731
MISO-S,8/22/2011 3:00,84.42641032
MISO-S,8/22/2011 4:00,82.36488596
MISO-S,8/22/2011 5:00,80.39377185
MISO-S,8/22/2011 6:00,78.70231852
MISO-S,8/22/2011 7:00,77.52542872
MISO-S,8/22/2011 8:00,76.46450038
MISO-S,8/22/2011 9:00,75.50566155
MISO-S,8/22/2011 10:00,74.75216431
MISO-S,8/22/2011 11:00,73.98558474
MISO-S,8/22/2011 12:00,73.83365281
MISO-S,8/22/2011 13:00,79.45261765
MISO-S,8/22/2011 14:00,85.63803684
MISO-S,8/22/2011 15:00,89.85043711
MISO-S,8/22/2011 16:00,93.33253775
MISO-S,8/22/2011 17:00,96.11553413
MISO-S,8/22/2011 18:00,98.19547581
MISO-S,8/22/2011 19:00,99.78590739
MISO-S,8/22/2011 20:00,100.6903347
MISO-S,8/22/2011 21:00,100.6841874
MISO-S,8/22/2011 22:00,99.52931952
MISO-S,8/22/2011 23:00,96.76238118
MISO-S,8/26/2011 0:00,93.46966777
MISO-S,8/26/2011 1:00,88.66340559
MISO-S,8/26/2011 2:00,85.47485116
MISO-S,8/26/2011 3:00,83.1268817
MISO-S,8/26/2011 4:00,80.98026748
MISO-S,8/26/2011 5:00,78.86529371
MISO-S,8/26/2011 6:00,76.9252413
MISO-S,8/26/2011 7:00,75.46069879
MISO-S,8/26/2011 8:00,74.29357982
MISO-S,8/26/2011 9:00,73.31191159
MISO-S,8/26/2011 10:00,72.48223592
MISO-S,8/26/2011 11:00,71.65304287
MISO-S,8/26/2011 12:00,71.8648731
MISO-S,8/26/2011 13:00,77.71232754
MISO-S,8/26/2011 14:00,85.08924261
MISO-S,8/26/2011 15:00,90.18108046
MISO-S,8/26/2011 16:00,93.76480321
MISO-S,8/26/2011 17:00,96.3233836
MISO-S,8/26/2011 18:00,98.20295235
MISO-S,8/26/2011 19:00,99.55557907
MISO-S,8/26/2011 20:00,100.4494219
MISO-S,8/26/2011 21:00,100.5288676
MISO-S,8/26/2011 22:00,99.63065184
MISO-S,8/26/2011 23:00,97.46898333
MISO-S,8/27/2011 0:00,93.38132649
MISO-S,8/27/2011 1:00,88.17935266
MISO-S,8/27/2011 2:00,85.0478261
MISO-S,8/27/2011 3:00,82.44272469
MISO-S,8/27/2011 4:00,80.27910195
MISO-S,8/27/2011 5:00,78.37441437
MISO-S,8/27/2011 6:00,76.53520081
MISO-S,8/27/2011 7:00,75.11724041
MISO-S,8/27/2011 8:00,73.98272247
MISO-S,8/27/2011 9:00,72.95153972
MISO-S,8/27/2011 10:00,72.11995519
MISO-S,8/27/2011 11:00,71.28087755
MISO-S,8/27/2011 12:00,70.89111812
MISO-S,8/27/2011 13:00,76.7072282
MISO-S,8/27/2011 14:00,84.53836139
MISO-S,8/27/2011 15:00,90.47838627
MISO-S,8/27/2011 16:00,94.61845937
MISO-S,8/27/2011 17:00,97.73975998
MISO-S,8/27/2011 18:00,99.94498736
MISO-S,8/27/2011 19:00,101.6257508
MISO-S,8/27/2011 20:00,102.802383
MISO-S,8/27/2011 21:00,103.3987023
MISO-S,8/27/2011 22:00,103.2528888
MISO-S,8/27/2011 23:00,101.8757988
MISO-S,8/28/2011 0:00,97.34861711
MISO-S,8/28/2011 1:00,90.15590175
MISO-S,8/28/2011 2:00,86.43126651
MISO-S,8/28/2011 3:00,83.43183826
MISO-S,8/28/2011 4:00,80.51413027
MISO-S,8/28/2011 5:00,77.95572482
MISO-S,8/28/2011 6:00,75.81437974
MISO-S,8/28/2011 7:00,73.98051643
MISO-S,8/28/2011 8:00,72.48350164
MISO-S,8/28/2011 9:00,71.21695603
MISO-S,8/28/2011 10:00,70.1041782
MISO-S,8/28/2011 11:00,69.19842114
MISO-S,8/28/2011 12:00,68.73510476
MISO-S,8/28/2011 13:00,75.08260333
MISO-S,8/28/2011 14:00,84.52601642
MISO-S,8/28/2011 15:00,90.89428681
MISO-S,8/28/2011 16:00,94.76707507
MISO-S,8/28/2011 17:00,97.62129084
MISO-S,8/28/2011 18:00,99.79409452
MISO-S,8/28/2011 19:00,101.4891482
MISO-S,8/28/2011 20:00,102.4887196
MISO-S,8/28/2011 21:00,102.6893361
MISO-S,8/28/2011 22:00,101.950674
MISO-S,8/28/2011 23:00,100.0985773
MISO-S,8/29/2011 0:00,95.28729977
MISO-S,8/29/2011 1:00,89.17551603
MISO-S,8/29/2011 2:00,85.01305862
MISO-S,8/29/2011 3:00,81.11021654
MISO-S,8/29/2011 4:00,77.97460488
MISO-S,8/29/2011 5:00,75.69390308
MISO-S,8/29/2011 6:00,73.87768989
MISO-S,8/29/2011 7:00,72.3548448
MISO-S,8/29/2011 8:00,71.07056982
MISO-S,8/29/2011 9:00,69.84586683
MISO-S,8/29/2011 10:00,68.77935162
MISO-S,8/29/2011 11:00,67.84194914
MISO-S,8/29/2011 12:00,67.49186851
MISO-S,8/29/2011 13:00,73.97226267
MISO-S,8/29/2011 14:00,83.0644678
MISO-S,8/29/2011 15:00,89.08637321
MISO-S,8/29/2011 16:00,92.97210176
MISO-S,8/29/2011 17:00,95.85523537
MISO-S,8/29/2011 18:00,98.19052774
MISO-S,8/29/2011 19:00,99.98868174
MISO-S,8/29/2011 20:00,100.984482
MISO-S,8/29/2011 21:00,101.2616229
MISO-S,8/29/2011 22:00,100.4269221
MISO-S,8/29/2011 23:00,98.24861529
MISO-S,8/30/2011 0:00,93.74607155
MISO-S,8/30/2011 1:00,87.70113671
MISO-S,8/30/2011 2:00,83.82658669
MISO-S,8/30/2011 3:00,80.40083604
MISO-S,8/30/2011 4:00,77.42447716
MISO-S,8/30/2011 5:00,75.30014503
MISO-S,8/30/2011 6:00,73.72985791
MISO-S,8/30/2011 7:00,72.39788359
MISO-S,8/30/2011 8:00,71.23582437
MISO-S,8/30/2011 9:00,70.20607471
MISO-S,8/30/2011 10:00,69.20526866
MISO-S,8/30/2011 11:00,68.37531141
MISO-S,8/30/2011 12:00,68.35469472
MISO-S,8/30/2011 13:00,74.95176523
MISO-S,8/30/2011 14:00,83.9368375
MISO-S,8/30/2011 15:00,90.02115359
MISO-S,8/30/2011 16:00,93.92059378
MISO-S,8/30/2011 17:00,96.67354877
MISO-S,8/30/2011 18:00,98.54821709
MISO-S,8/30/2011 19:00,99.82840891
MISO-S,8/30/2011 20:00,100.5285333
MISO-S,8/30/2011 21:00,100.3671369
MISO-S,8/30/2011 22:00,99.33967848
MISO-S,8/30/2011 23:00,97.26948141
MISO-S,6/25/2012 0:00,94.69386232
MISO-S,6/25/2012 1:00,90.42032501
MISO-S,6/25/2012 2:00,86.51839412
MISO-S,6/25/2012 3:00,84.38133328
MISO-S,6/25/2012 4:00,82.77979609
MISO-S,6/25/2012 5:00,81.23709555
MISO-S,6/25/2012 6:00,79.81889645
MISO-S,6/25/2012 7:00,78.52905849
MISO-S,6/25/2012 8:00,77.50224887
MISO-S,6/25/2012 9:00,76.52395025
MISO-S,6/25/2012 10:00,75.59126196
MISO-S,6/25/2012 11:00,74.77610311
MISO-S,6/25/2012 12:00,76.67033121
MISO-S,6/25/2012 13:00,82.14275659
MISO-S,6/25/2012 14:00,87.53318986
MISO-S,6/25/2012 15:00,92.18337405
MISO-S,6/25/2012 16:00,95.1427049
MISO-S,6/25/2012 17:00,97.22689725
MISO-S,6/25/2012 18:00,98.9960335
MISO-S,6/25/2012 19:00,100.542288
MISO-S,6/25/2012 20:00,101.506867
MISO-S,6/25/2012 21:00,101.9719236
MISO-S,6/25/2012 22:00,101.7230703
MISO-S,6/25/2012 23:00,100.6982584
MISO-S,6/26/2012 0:00,98.30628505
MISO-S,6/26/2012 1:00,93.54533372
MISO-S,6/26/2012 2:00,89.12403426
MISO-S,6/26/2012 3:00,86.72335875
MISO-S,6/26/2012 4:00,84.65874437
MISO-S,6/26/2012 5:00,82.58123713
MISO-S,6/26/2012 6:00,80.89512802
MISO-S,6/26/2012 7:00,79.30553482
MISO-S,6/26/2012 8:00,78.03488783
MISO-S,6/26/2012 9:00,76.89385685
MISO-S,6/26/2012 10:00,75.84734295
MISO-S,6/26/2012 11:00,74.90536578
MISO-S,6/26/2012 12:00,77.05777761
MISO-S,6/26/2012 13:00,82.14389177
MISO-S,6/26/2012 14:00,87.64125789
MISO-S,6/26/2012 15:00,92.24526887
MISO-S,6/26/2012 16:00,95.47550322
MISO-S,6/26/2012 17:00,97.63114379
MISO-S,6/26/2012 18:00,99.11790557
MISO-S,6/26/2012 19:00,100.0933551
MISO-S,6/26/2012 20:00,100.3494865
MISO-S,6/26/2012 21:00,99.84056738
MISO-S,6/26/2012 22:00,98.8333292
MISO-S,6/26/2012 23:00,97.14556388
MISO-S,1/7/2014 0:00,20.50691876
MISO-S,1/7/2014 1:00,19.00274027
MISO-S,1/7/2014 2:00,17.76391221
MISO-S,1/7/2014 3:00,17.02494017
MISO-S,1/7/2014 4:00,16.82719367
MISO-S,1/7/2014 5:00,16.62892224
MISO-S,1/7/2014 6:00,16.40600399
MISO-S,1/7/2014 7:00,16.26673837
MISO-S,1/7/2014 8:00,16.0202273
MISO-S,1/7/2014 9:00,15.65789359
MISO-S,1/7/2014 10:00,15.26477158
MISO-S,1/7/2014 11:00,15.05818806
MISO-S,1/7/2014 12:00,14.78781848
MISO-S,1/7/2014 13:00,14.66912978
MISO-S,1/7/2014 14:00,17.34463276
MISO-S,1/7/2014 15:00,22.73708809
MISO-S,1/7/2014 16:00,26.92686579
MISO-S,1/7/2014 17:00,29.80463639
MISO-S,1/7/2014 18:00,32.22292316
MISO-S,1/7/2014 19:00,34.2995748
MISO-S,1/7/2014 20:00,35.65554107
MISO-S,1/7/2014 21:00,36.42286929
MISO-S,1/7/2014 22:00,36.16550573
MISO-S,1/7/2014 23:00,32.80084819
MISO-S,1/29/2014 0:00,25.68300084
MISO-S,1/29/2014 1:00,24.72247326
MISO-S,1/29/2014 2:00,23.72588838
MISO-S,1/29/2014 3:00,22.74961276
MISO-S,1/29/2014 4:00,21.97963091
MISO-S,1/29/2014 5:00,21.34861729
MISO-S,1/29/2014 6:00,20.67648026
MISO-S,1/29/2014 7:00,19.62388321
MISO-S,1/29/2014 8:00,18.82084102
MISO-S,1/29/2014 9:00,17.96809677
MISO-S,1/29/2014 10:00,17.32680981
MISO-S,1/29/2014 11:00,16.95653513
MISO-S,1/29/2014 12:00,16.34498127
MISO-S,1/29/2014 13:00,16.39036063
MISO-S,1/29/2014 14:00,18.44461677
MISO-S,1/29/2014 15:00,22.9534368
MISO-S,1/29/2014 16:00,27.47893014
MISO-S,1/29/2014 17:00,30.93341997
MISO-S,1/29/2014 18:00,33.29630896
MISO-S,1/29/2014 19:00,34.87195726
MISO-S,1/29/2014 20:00,35.7714581
MISO-S,1/29/2014 21:00,36.21816397
MISO-S,1/29/2014 22:00,35.76616488
MISO-S,1/29/2014 23:00,33.33019873
MISO-S,1/2/2018 0:00,24.10553418
MISO-S,1/2/2018 1:00,22.88699407
MISO-S,1/2/2018 2:00,21.818837
MISO-S,1/2/2018 3:00,20.94421005
MISO-S,1/2/2018 4:00,20.23026473
MISO-S,1/2/2018 5:00,19.62704967
MISO-S,1/2/2018 6:00,19.1147483
MISO-S,1/2/2018 7:00,18.59284228
MISO-S,1/2/2018 8:00,18.06139376
MISO-S,1/2/2018 9:00,17.49992644
MISO-S,1/2/2018 10:00,16.98501557
MISO-S,1/2/2018 11:00,16.56747108
MISO-S,1/2/2018 12:00,16.22592118
MISO-S,1/2/2018 13:00,16.00735848
MISO-S,1/2/2018 14:00,17.10605562
MISO-S,1/2/2018 15:00,19.22980298
MISO-S,1/2/2018 16:00,21.83153111
MISO-S,1/2/2018 17:00,24.35966091
MISO-S,1/2/2018 18:00,26.53635232
MISO-S,1/2/2018 19:00,28.24671866
MISO-S,1/2/2018 20:00,29.3868477
MISO-S,1/2/2018 21:00,29.95633284
MISO-S,1/2/2018 22:00,29.74391439
MISO-S,1/2/2018 23:00,28.35088863
MISO-S,1/3/2018 0:00,27.07699068
MISO-S,1/3/2018 1:00,26.61236588
MISO-S,1/3/2018 2:00,26.43290209
MISO-S,1/3/2018 3:00,26.28595167
MISO-S,1/3/2018 4:00,26.07328064
MISO-S,1/3/2018 5:00,25.81390645
MISO-S,1/3/2018 6:00,25.25546286
MISO-S,1/3/2018 7:00,24.15285501
MISO-S,1/3/2018 8:00,22.79268766
MISO-S,1/3/2018 9:00,21.5048114
MISO-S,1/3/2018 10:00,20.77077987
MISO-S,1/3/2018 11:00,20.39880672
MISO-S,1/3/2018 12:00,20.23083092
MISO-S,1/3/2018 13:00,19.75464742
MISO-S,1/3/2018 14:00,22.02261704
MISO-S,1/3/2018 15:00,27.12380409
MISO-S,1/3/2018 16:00,31.11846258
MISO-S,1/3/2018 17:00,33.659821
MISO-S,1/3/2018 18:00,35.70329407
MISO-S,1/3/2018 19:00,37.42062148
MISO-S,1/3/2018 20:00,38.46930898
MISO-S,1/3/2018 21:00,38.8832305
MISO-S,1/3/2018 22:00,38.21700679
MISO-S,1/3/2018 23:00,34.04246362
MISO-S,1/16/2018 0:00,45.77823909
MISO-S,1/16/2018 1:00,43.27171835
MISO-S,1/16/2018 2:00,41.17411461
MISO-S,1/16/2018 3:00,39.50276051
MISO-S,1/16/2018 4:00,38.05865035
MISO-S,1/16/2018 5:00,36.87173301
MISO-S,1/16/2018 6:00,35.77950237
MISO-S,1/16/2018 7:00,34.3431738
MISO-S,1/16/2018 8:00,32.19494196
MISO-S,1/16/2018 9:00,30.08775369
MISO-S,1/16/2018 10:00,28.23293061
MISO-S,1/16/2018 11:00,26.21578639
MISO-S,1/16/2018 12:00,24.27359952
MISO-S,1/16/2018 13:00,22.77735564
MISO-S,1/16/2018 14:00,21.80183286
MISO-S,1/16/2018 15:00,21.62966929
MISO-S,1/16/2018 16:00,21.76858175
MISO-S,1/16/2018 17:00,22.20205301
MISO-S,1/16/2018 18:00,22.96897021
MISO-S,1/16/2018 19:00,23.47809489
MISO-S,1/16/2018 20:00,23.37839147
MISO-S,1/16/2018 21:00,22.95529151
MISO-S,1/16/2018 22:00,22.17172856
MISO-S,1/16/2018 23:00,21.2322413
MISO-S,1/17/2018 0:00,20.37545641
MISO-S,1/17/2018 1:00,20.19148984
MISO-S,1/17/2018 2:00,19.99935274
MISO-S,1/17/2018 3:00,19.64216644
MISO-S,1/17/2018 4:00,18.98014632
MISO-S,1/17/2018 5:00,18.04036871
MISO-S,1/17/2018 6:00,16.92346596
MISO-S,1/17/2018 7:00,15.87233677
MISO-S,1/17/2018 8:00,15.02373704
MISO-S,1/17/2018 9:00,14.19392576
MISO-S,1/17/2018 10:00,13.30636586
MISO-S,1/17/2018 11:00,12.43500338
MISO-S,1/17/2018 12:00,11.66407466
MISO-S,1/17/2018 13:00,11.01975182
MISO-S,1/17/2018 14:00,12.49762285
MISO-S,1/17/2018 15:00,16.00997668
MISO-S,1/17/2018 16:00,19.61981331
MISO-S,1/17/2018 17:00,23.11898318
MISO-S,1/17/2018 18:00,25.98352806
MISO-S,1/17/2018 19:00,28.23705978
MISO-S,1/17/2018 20:00,29.6256968
MISO-S,1/17/2018 21:00,30.30480237
MISO-S,1/17/2018 22:00,30.20292751
MISO-S,1/17/2018 23:00,28.03535704
MISO-S,1/18/2018 0:00,23.12802673
MISO-S,1/18/2018 1:00,21.22784059
MISO-S,1/18/2018 2:00,19.96760052
MISO-S,1/18/2018 3:00,19.02652298
MISO-S,1/18/2018 4:00,18.27823619
MISO-S,1/18/2018 5:00,17.71668516
MISO-S,1/18/2018 6:00,17.33346394
MISO-S,1/18/2018 7:00,17.08615485
MISO-S,1/18/2018 8:00,16.84325586
MISO-S,1/18/2018 9:00,16.54608735
MISO-S,1/18/2018 10:00,16.37250978
MISO-S,1/18/2018 11:00,16.21850538
MISO-S,1/18/2018 12:00,16.15471897
MISO-S,1/18/2018 13:00,15.96774568
MISO-S,1/18/2018 14:00,18.91672929
MISO-S,1/18/2018 15:00,24.71135615
MISO-S,1/18/2018 16:00,29.28989925
MISO-S,1/18/2018 17:00,32.53503173
MISO-S,1/18/2018 18:00,35.37843178
MISO-S,1/18/2018 19:00,37.64374439
MISO-S,1/18/2018 20:00,39.04772582
MISO-S,1/18/2018 21:00,39.84220479
MISO-S,1/18/2018 22:00,39.50071125
MISO-S,1/18/2018 23:00,36.31513484
MISO-S,7/21/2018 0:00,96.09991481
MISO-S,7/21/2018 1:00,91.74389367
MISO-S,7/21/2018 2:00,88.15397556
MISO-S,7/21/2018 3:00,85.50545162
MISO-S,7/21/2018 4:00,83.4313092
MISO-S,7/21/2018 5:00,81.55474492
MISO-S,7/21/2018 6:00,79.967071
MISO-S,7/21/2018 7:00,78.59405135
MISO-S,7/21/2018 8:00,77.29254719
MISO-S,7/21/2018 9:00,75.87078076
MISO-S,7/21/2018 10:00,74.97803375
MISO-S,7/21/2018 11:00,74.28336045
MISO-S,7/21/2018 12:00,75.19991951
MISO-S,7/21/2018 13:00,78.91533088
MISO-S,7/21/2018 14:00,83.47993544
MISO-S,7/21/2018 15:00,87.47712016
MISO-S,7/21/2018 16:00,90.72650463
MISO-S,7/21/2018 17:00,93.64248781
MISO-S,7/21/2018 18:00,96.18835321
MISO-S,7/21/2018 19:00,98.13769086
MISO-S,7/21/2018 20:00,99.36823153
MISO-S,7/21/2018 21:00,99.70820773
MISO-S,7/21/2018 22:00,99.31462382
MISO-S,7/21/2018 23:00,97.93582054
MISO-S,2/15/2021 0:00,26.39483409
MISO-S,2/15/2021 1:00,25.25295734
MISO-S,2/15/2021 2:00,24.39645947
MISO-S,2/15/2021 3:00,23.71240619
MISO-S,2/15/2021 4:00,23.14971586
MISO-S,2/15/2021 5:00,22.72840462
MISO-S,2/15/2021 6:00,22.25062579
MISO-S,2/15/2021 7:00,21.65487134
MISO-S,2/15/2021 8:00,21.22422964
MISO-S,2/15/2021 9:00,20.36255357
MISO-S,2/15/2021 10:00,19.2732077
MISO-S,2/15/2021 11:00,18.21521942
MISO-S,2/15/2021 12:00,17.46577923
MISO-S,2/15/2021 13:00,16.83367226
MISO-S,2/15/2021 14:00,16.43845107
MISO-S,2/15/2021 15:00,16.41298324
MISO-S,2/15/2021 16:00,16.95575771
MISO-S,2/15/2021 17:00,17.69570486
MISO-S,2/15/2021 18:00,18.87384673
MISO-S,2/15/2021 19:00,19.80142399
MISO-S,2/15/2021 20:00,20.14026485
MISO-S,2/15/2021 21:00,20.08266396
MISO-S,2/15/2021 22:00,19.61981734
MISO-S,2/15/2021 23:00,18.18962238
MISO-S,2/16/2021 0:00,15.57408957
MISO-S,2/16/2021 1:00,13.54584354
MISO-S,2/16/2021 2:00,11.67071772
MISO-S,2/16/2021 3:00,9.786699943
MISO-S,2/16/2021 4:00,8.851409387
MISO-S,2/16/2021 5:00,7.447991256
MISO-S,2/16/2021 6:00,6.338684132
MISO-S,2/16/2021 7:00,5.776604756
MISO-S,2/16/2021 8:00,5.200216052
MISO-S,2/16/2021 9:00,4.427660047
MISO-S,2/16/2021 10:00,3.648387123
MISO-S,2/16/2021 11:00,2.128933637
MISO-S,2/16/2021 12:00,0.489779609
MISO-S,2/16/2021 13:00,-0.305412318
MISO-S,2/16/2021 14:00,4.104303919
MISO-S,2/16/2021 15:00,9.607635554
MISO-S,2/16/2021 16:00,14.23142519
MISO-S,2/16/2021 17:00,17.72854098
MISO-S,2/16/2021 18:00,20.78200266
MISO-S,2/16/2021 19:00,23.30052247
MISO-S,2/16/2021 20:00,24.9466926
MISO-S,2/16/2021 21:00,26.08780401
MISO-S,2/16/2021 22:00,26.43165715
MISO-S,2/16/2021 23:00,25.68690149
MISO-S,2/17/2021 0:00,21.40761817
MISO-S,2/17/2021 1:00,18.86384161
MISO-S,2/17/2021 2:00,17.66246586
MISO-S,2/17/2021 3:00,17.68866995
MISO-S,2/17/2021 4:00,18.29937851
MISO-S,2/17/2021 5:00,19.02743159
MISO-S,2/17/2021 6:00,19.19858307
MISO-S,2/17/2021 7:00,19.2115579
MISO-S,2/17/2021 8:00,19.34385296
MISO-S,2/17/2021 9:00,19.70342513
MISO-S,2/17/2021 10:00,20.16469435
MISO-S,2/17/2021 11:00,20.92136538
MISO-S,2/17/2021 12:00,21.87119767
MISO-S,2/17/2021 13:00,22.82052731
MISO-S,2/17/2021 14:00,25.03012035
MISO-S,2/17/2021 15:00,27.93078912
MISO-S,2/17/2021 16:00,30.6130125
MISO-S,2/17/2021 17:00,32.20118745
MISO-S,2/17/2021 18:00,33.26699693
MISO-S,2/17/2021 19:00,34.06210136
MISO-S,2/17/2021 20:00,34.55745114
MISO-S,2/17/2021 21:00,34.9643729
MISO-S,2/17/2021 22:00,35.08050785
MISO-S,2/17/2021 23:00,34.75889256
MISO-S,2/18/2021 0:00,34.2472586
MISO-S,2/18/2021 1:00,33.97381907
MISO-S,2/18/2021 2:00,33.49491449
MISO-S,2/18/2021 3:00,33.06332891
MISO-S,2/18/2021 4:00,32.66246283
MISO-S,2/18/2021 5:00,32.10738996
MISO-S,2/18/2021 6:00,31.39133737
MISO-S,2/18/2021 7:00,30.71604426
MISO-S,2/18/2021 8:00,30.15808972
MISO-S,2/18/2021 9:00,29.61701394
MISO-S,2/18/2021 10:00,29.26056723
MISO-S,2/18/2021 11:00,28.87818216
MISO-S,2/18/2021 12:00,28.48285575
MISO-S,2/18/2021 13:00,28.20158254
MISO-S,2/18/2021 14:00,28.80636754
MISO-S,2/18/2021 15:00,29.48112773
MISO-S,2/18/2021 16:00,30.55894412
MISO-S,2/18/2021 17:00,32.13995629
MISO-S,2/18/2021 18:00,33.56487673
MISO-S,2/18/2021 19:00,34.29601577
MISO-S,2/18/2021 20:00,34.79908024
MISO-S,2/18/2021 21:00,34.92141472
MISO-S,2/18/2021 22:00,34.62572913
MISO-S,2/18/2021 23:00,33.66937128
MISO-S,12/23/2022 0:00,34.67019731
MISO-S,12/23/2022 1:00,31.81333031
MISO-S,12/23/2022 2:00,29.02043247
MISO-S,12/23/2022 3:00,25.97117571
MISO-S,12/23/2022 4:00,23.09182485
MISO-S,12/23/2022 5:00,20.29069733
MISO-S,12/23/2022 6:00,17.73125638
MISO-S,12/23/2022 7:00,15.89058686
MISO-S,12/23/2022 8:00,14.45994721
MISO-S,12/23/2022 9:00,13.07858689
MISO-S,12/23/2022 10:00,11.94821062
MISO-S,12/23/2022 11:00,11.0822466
MISO-S,12/23/2022 12:00,10.31181424
MISO-S,12/23/2022 13:00,9.624842596
MISO-S,12/23/2022 14:00,10.28700824
MISO-S,12/23/2022 15:00,12.16266145
MISO-S,12/23/2022 16:00,14.46692976
MISO-S,12/23/2022 17:00,16.93673247
MISO-S,12/23/2022 18:00,19.09555638
MISO-S,12/23/2022 19:00,20.91873901
MISO-S,12/23/2022 20:00,22.07949575
MISO-S,12/23/2022 21:00,22.56700074
MISO-S,12/23/2022 22:00,21.91522639
MISO-S,12/23/2022 23:00,20.24450753
MISO-S,12/24/2022 0:00,19.12914815
MISO-S,12/24/2022 1:00,18.39032546
MISO-S,12/24/2022 2:00,18.00326665
MISO-S,12/24/2022 3:00,17.75454494
MISO-S,12/24/2022 4:00,17.48367107
MISO-S,12/24/2022 5:00,17.18878441
MISO-S,12/24/2022 6:00,16.85249202
MISO-S,12/24/2022 7:00,16.8048233
MISO-S,12/24/2022 8:00,16.88025972
MISO-S,12/24/2022 9:00,16.76876822
MISO-S,12/24/2022 10:00,16.27694197
MISO-S,12/24/2022 11:00,15.59017534
MISO-S,12/24/2022 12:00,14.86004843
MISO-S,12/24/2022 13:00,14.18151043
MISO-S,12/24/2022 14:00,15.88046598
MISO-S,12/24/2022 15:00,19.17664837
MISO-S,12/24/2022 16:00,22.41502574
MISO-S,12/24/2022 17:00,25.51342353
MISO-S,12/24/2022 18:00,28.44323907
MISO-S,12/24/2022 19:00,30.6789652
MISO-S,12/24/2022 20:00,32.18670142
MISO-S,12/24/2022 21:00,32.94094672
MISO-S,12/24/2022 22:00,32.53815237
MISO-S,12/24/2022 23:00,28.59012008
MISO-S,12/25/2022 0:00,25.59841174
MISO-S,12/25/2022 1:00,24.37415779
MISO-S,12/25/2022 2:00,23.65749927
MISO-S,12/25/2022 3:00,23.05572759
MISO-S,12/25/2022 4:00,22.6681475
MISO-S,12/25/2022 5:00,22.30220447
MISO-S,12/25/2022 6:00,22.06665458
MISO-S,12/25/2022 7:00,21.8481563
MISO-S,12/25/2022 8:00,21.71096174
MISO-S,12/25/2022 9:00,21.5563027
MISO-S,12/25/2022 10:00,21.45421475
MISO-S,12/25/2022 11:00,21.33475767
MISO-S,12/25/2022 12:00,21.06826975
MISO-S,12/25/2022 13:00,20.90973184
MISO-S,12/25/2022 14:00,23.79313568
MISO-S,12/25/2022 15:00,29.26394398
MISO-S,12/25/2022 16:00,34.02018743
MISO-S,12/25/2022 17:00,37.25677064
MISO-S,12/25/2022 18:00,39.60444504
MISO-S,12/25/2022 19:00,41.26683679
MISO-S,12/25/2022 20:00,42.04060668
MISO-S,12/25/2022 21:00,42.19680017
MISO-S,12/25/2022 22:00,41.39675199
MISO-S,12/25/2022 23:00,36.19332532
