Region,Time_UTC,Temperature_F,Q2,SWDOWN,GLW,WSPD
Southwest,6/29/1980 0:00,104.9,0,483.8,397.5,4.48
Southwest,6/29/1980 1:00,102.9,0,258.3,397.1,4.55
Southwest,6/29/1980 2:00,99.5,0,92.3,395.1,4.06
Southwest,6/29/1980 3:00,93.3,0,2,388,3.56
Southwest,6/29/1980 4:00,90,0,0,379.7,3.36
Southwest,6/29/1980 5:00,87.4,0,0,374.7,2.96
Southwest,6/29/1980 6:00,85.5,0,0,371.9,2.58
Southwest,6/29/1980 7:00,84,0,0,371.3,2.25
Southwest,6/29/1980 8:00,82.2,0,0,367.7,2.14
Southwest,6/29/1980 9:00,80.7,0,0,366.3,1.93
Southwest,6/29/1980 10:00,79.4,0,0,362.9,1.6
Southwest,6/29/1980 11:00,78.2,0,0,361.1,1.48
Southwest,6/29/1980 12:00,77.1,0,0.1,357.8,1.33
Southwest,6/29/1980 13:00,78.4,0,80.7,356.1,1.33
Southwest,6/29/1980 14:00,84,0,293,357.8,1.16
Southwest,6/29/1980 15:00,89.7,0,481,362.5,1.18
Southwest,6/29/1980 16:00,94.2,0,695.2,370.2,1.32
Southwest,6/29/1980 17:00,97.6,0,861.7,378.6,1.59
Southwest,6/29/1980 18:00,100.5,0,961.7,383.7,1.69
Southwest,6/29/1980 19:00,103,0,1031.2,389.6,1.81
Southwest,6/29/1980 20:00,104.7,0,1026.4,394.5,1.9
Southwest,6/29/1980 21:00,105.7,0,954.3,398.4,1.86
Southwest,6/29/1980 22:00,106.1,0,821.5,401.4,2.23
Southwest,6/29/1980 23:00,105.9,0,672.6,402.6,2.4
Southwest,1/31/1985 0:00,45.4,0,142.4,246.5,7.1
Southwest,1/31/1985 1:00,42.1,0,6,243.4,5.68
Southwest,1/31/1985 2:00,39.5,0,0,237.6,4.67
Southwest,1/31/1985 3:00,37.6,0,0,233.5,4.06
Southwest,1/31/1985 4:00,36.2,0,0,230.8,3.69
Southwest,1/31/1985 5:00,34.8,0,0,226.9,3.45
Southwest,1/31/1985 6:00,33.6,0,0,223.5,3.11
Southwest,1/31/1985 7:00,32.6,0,0,221.9,2.86
Southwest,1/31/1985 8:00,31.5,0,0,218.1,2.79
Southwest,1/31/1985 9:00,30.7,0,0,215.8,2.86
Southwest,1/31/1985 10:00,29.7,0,0,213.8,2.92
Southwest,1/31/1985 11:00,29.1,0,0,212.2,2.95
Southwest,1/31/1985 12:00,28.4,0,0,210.1,2.95
Southwest,1/31/1985 13:00,27.9,0,0,207.9,2.9
Southwest,1/31/1985 14:00,27.5,0,0,205.2,2.84
Southwest,1/31/1985 15:00,28.4,0,102.2,204.1,2.88
Southwest,1/31/1985 16:00,31.4,0,281.6,204.7,3.54
Southwest,1/31/1985 17:00,34.4,0,490,206.6,4.42
Southwest,1/31/1985 18:00,36.2,0,621.6,206.5,5.22
Southwest,1/31/1985 19:00,37.9,0,707.3,208.4,6.11
Southwest,1/31/1985 20:00,38.8,0,729.4,207.5,6.85
Southwest,1/31/1985 21:00,39.3,0,667.8,209.4,7.25
Southwest,1/31/1985 22:00,39,0,532.2,209.3,7.35
Southwest,1/31/1985 23:00,38.3,0,387.1,208.9,7.29
Southwest,2/1/1985 0:00,36.3,0,164.7,207.3,6.74
Southwest,2/1/1985 1:00,32.9,0,1.7,205.6,5.13
Southwest,2/1/1985 2:00,30.7,0,0,203.3,4.21
Southwest,2/1/1985 3:00,29.3,0,0,200.5,3.95
Southwest,2/1/1985 4:00,28.2,0,0,203.2,3.64
Southwest,2/1/1985 5:00,27.4,0,0,204.2,3.37
Southwest,2/1/1985 6:00,26.9,0,0,202.1,3.12
Southwest,2/1/1985 7:00,26.2,0,0,201.9,3.11
Southwest,2/1/1985 8:00,25.5,0,0,199.2,3.17
Southwest,2/1/1985 9:00,25,0,0,197,3.2
Southwest,2/1/1985 10:00,24.4,0,0,194.4,3.31
Southwest,2/1/1985 11:00,24,0,0,195.4,3.18
Southwest,2/1/1985 12:00,23.6,0,0,196.8,3.1
Southwest,2/1/1985 13:00,23.2,0,0,196.5,2.78
Southwest,2/1/1985 14:00,22.6,0,0.2,193,2.43
Southwest,2/1/1985 15:00,23,0,71.4,190,2.58
Southwest,2/1/1985 16:00,26.1,0,294,188.3,3.2
Southwest,2/1/1985 17:00,29.1,0,497.6,190.1,3.88
Southwest,2/1/1985 18:00,31.5,0,650.6,192.7,4.54
Southwest,2/1/1985 19:00,33.2,0,732.1,195.5,5.05
Southwest,2/1/1985 20:00,34.5,0,740.6,197.5,5.45
Southwest,2/1/1985 21:00,35.2,0,680.9,199.2,5.57
Southwest,2/1/1985 22:00,35.6,0,547.5,200.7,5.45
Southwest,2/1/1985 23:00,35.2,0,398.7,201,5.21
Southwest,2/2/1985 0:00,33.9,0,181.6,200.9,4.67
Southwest,2/2/1985 1:00,29.7,0,4,199.9,3.25
Southwest,2/2/1985 2:00,28.6,0,0,199.6,2.22
Southwest,2/2/1985 3:00,27.7,0,0,200.5,1.74
Southwest,2/2/1985 4:00,27.3,0,0,201.5,1.69
Southwest,2/2/1985 5:00,27,0,0,204.6,1.86
Southwest,2/2/1985 6:00,26.7,0,0,208,1.96
Southwest,2/2/1985 7:00,26.4,0,0,207.3,2.25
Southwest,2/2/1985 8:00,26.3,0,0,211.5,2.27
Southwest,2/2/1985 9:00,25.6,0,0,210.5,2.34
Southwest,2/2/1985 10:00,25.1,0,0,209.3,2.45
Southwest,2/2/1985 11:00,24.8,0,0,207.2,2.37
Southwest,2/2/1985 12:00,24.4,0,0,206.8,2.13
Southwest,2/2/1985 13:00,24.2,0,0,209.8,2.2
Southwest,2/2/1985 14:00,23.8,0,0,211.7,2.52
Southwest,2/2/1985 15:00,25.1,0,86.9,214.1,2.87
Southwest,2/2/1985 16:00,29.4,0,269.7,225.7,3.27
Southwest,2/2/1985 17:00,32.2,0,363.1,240.2,3.57
Southwest,2/2/1985 18:00,34.6,0,485.6,245.5,3.82
Southwest,2/2/1985 19:00,36.7,0,611.3,245.8,4.08
Southwest,2/2/1985 20:00,38.5,0,668.7,243.5,4.32
Southwest,2/2/1985 21:00,39.6,0,611.3,246.3,4.32
Southwest,2/2/1985 22:00,39.9,0,470.9,253.1,4.18
Southwest,2/2/1985 23:00,39.2,0,283,259.8,3.72
Southwest,2/5/1985 0:00,39.4,0,141.5,260.1,3.33
Southwest,2/5/1985 1:00,36.2,0,5.4,255.7,2.73
Southwest,2/5/1985 2:00,34.1,0,0,248.3,2.42
Southwest,2/5/1985 3:00,32.7,0,0,244.1,2.28
Southwest,2/5/1985 4:00,31.7,0,0,242.1,2.23
Southwest,2/5/1985 5:00,31,0,0,242.8,2.23
Southwest,2/5/1985 6:00,30.2,0,0,241.9,2.28
Southwest,2/5/1985 7:00,29.6,0,0,241.5,2.34
Southwest,2/5/1985 8:00,28.8,0,0,236.5,2.3
Southwest,2/5/1985 9:00,28.1,0,0,232.4,2.14
Southwest,2/5/1985 10:00,27.6,0,0,229.9,1.97
Southwest,2/5/1985 11:00,27.1,0,0,229.3,1.93
Southwest,2/5/1985 12:00,26.5,0,0,224.2,1.96
Southwest,2/5/1985 13:00,26.2,0,0,222.9,1.82
Southwest,2/5/1985 14:00,25.6,0,0.3,221.6,1.57
Southwest,2/5/1985 15:00,26.7,0,82.9,220.4,1.41
Southwest,2/5/1985 16:00,29.9,0,307.1,220.1,1.54
Southwest,2/5/1985 17:00,33,0,488,218.7,1.78
Southwest,2/5/1985 18:00,35.7,0,646.2,220.4,1.95
Southwest,2/5/1985 19:00,38,0,728.5,220.7,2.02
Southwest,2/5/1985 20:00,39.6,0,745.9,222.8,2.21
Southwest,2/5/1985 21:00,40.9,0,696,225.2,2.19
Southwest,2/5/1985 22:00,41.2,0,565.9,225.8,2.21
Southwest,2/5/1985 23:00,40.7,0,369.6,226.2,2.35
Southwest,2/6/1985 0:00,39.3,0,186.9,225.5,2.28
Southwest,2/6/1985 1:00,35.5,0,2.6,223.7,2.17
Southwest,2/6/1985 2:00,33.5,0,0,222.3,2.13
Southwest,2/6/1985 3:00,31.9,0,0,220.9,2.23
Southwest,2/6/1985 4:00,31,0,0,220,2.09
Southwest,2/6/1985 5:00,30.1,0,0,219.4,2.02
Southwest,2/6/1985 6:00,29.5,0,0,219.9,2.08
Southwest,2/6/1985 7:00,29.2,0,0,221,2.12
Southwest,2/6/1985 8:00,28.8,0,0,220.7,2.12
Southwest,2/6/1985 9:00,28.5,0,0,222.4,2.05
Southwest,2/6/1985 10:00,28.1,0,0,221.6,2.2
Southwest,2/6/1985 11:00,27.9,0,0,218.4,2.39
Southwest,2/6/1985 12:00,27.6,0,0,216.5,2.47
Southwest,2/6/1985 13:00,27.6,0,0,217.9,2.41
Southwest,2/6/1985 14:00,27.4,0,0,220,2.31
Southwest,2/6/1985 15:00,28.9,0,91.7,221.7,2.37
Southwest,2/6/1985 16:00,32.9,0,317.4,223.4,2.33
Southwest,2/6/1985 17:00,36.6,0,487.6,226.3,2.2
Southwest,2/6/1985 18:00,39.5,0,644.9,230.3,1.9
Southwest,2/6/1985 19:00,41.8,0,718,232.9,1.85
Southwest,2/6/1985 20:00,43.5,0,744.5,232.6,1.88
Southwest,2/6/1985 21:00,44.6,0,682.1,233.9,1.86
Southwest,2/6/1985 22:00,45,0,571.8,234.8,2.02
Southwest,2/6/1985 23:00,44.8,0,381.3,235.2,2.28
Southwest,1/17/1987 0:00,38.2,0,110.5,226.6,5.08
Southwest,1/17/1987 1:00,34.3,0,0.1,222.9,3.59
Southwest,1/17/1987 2:00,32.2,0,0,220.3,3.02
Southwest,1/17/1987 3:00,30.8,0,0,220,2.69
Southwest,1/17/1987 4:00,29.6,0,0,219.8,2.42
Southwest,1/17/1987 5:00,28.6,0,0,218.1,2.18
Southwest,1/17/1987 6:00,28.1,0,0,217,1.96
Southwest,1/17/1987 7:00,27.3,0,0,217.3,1.76
Southwest,1/17/1987 8:00,27,0,0,217.5,1.7
Southwest,1/17/1987 9:00,26.6,0,0,216,1.58
Southwest,1/17/1987 10:00,25.9,0,0,213.2,1.48
Southwest,1/17/1987 11:00,25.6,0,0,212.8,1.43
Southwest,1/17/1987 12:00,24.9,0,0,210.1,1.56
Southwest,1/17/1987 13:00,24.6,0,0,212.8,1.55
Southwest,1/17/1987 14:00,24.1,0,0,212.1,1.57
Southwest,1/17/1987 15:00,24.7,0,51.9,212.7,1.48
Southwest,1/17/1987 16:00,28,0,247.1,212.3,1.84
Southwest,1/17/1987 17:00,31.3,0,426.5,216.1,2.37
Southwest,1/17/1987 18:00,34,0,549.3,217.1,2.93
Southwest,1/17/1987 19:00,36.1,0,634.4,219.7,3.52
Southwest,1/17/1987 20:00,38.2,0,649.5,220.9,4.32
Southwest,1/17/1987 21:00,39.4,0,587.1,221.5,4.92
Southwest,1/17/1987 22:00,40.2,0,488.5,222.4,5.36
Southwest,1/17/1987 23:00,39.9,0,316.6,223.4,5.52
Southwest,1/18/1987 0:00,38.1,0,117.7,223.1,4.94
Southwest,1/18/1987 1:00,33.8,0,0.6,220.4,3.67
Southwest,1/18/1987 2:00,32,0,0,219.3,3.03
Southwest,1/18/1987 3:00,30.9,0,0,218.6,2.55
Southwest,1/18/1987 4:00,29.9,0,0,217.7,2.25
Southwest,1/18/1987 5:00,29.1,0,0,217.3,2.05
Southwest,1/18/1987 6:00,28.4,0,0,216.8,1.8
Southwest,1/18/1987 7:00,28,0,0,218.3,1.68
Southwest,1/18/1987 8:00,27.7,0,0,218.1,1.7
Southwest,1/18/1987 9:00,27.3,0,0,217.6,1.74
Southwest,1/18/1987 10:00,26.7,0,0,214.3,1.8
Southwest,1/18/1987 11:00,26.4,0,0,212.2,1.84
Southwest,1/18/1987 12:00,26.1,0,0,211.8,1.78
Southwest,1/18/1987 13:00,25.9,0,0,208.3,1.58
Southwest,1/18/1987 14:00,25.2,0,0,207,1.32
Southwest,1/18/1987 15:00,25.8,0,63.2,206.8,1.07
Southwest,1/18/1987 16:00,29.1,0,274.8,207.5,0.88
Southwest,1/18/1987 17:00,32.5,0,465.6,210.4,1.1
Southwest,1/18/1987 18:00,35.6,0,579.1,213.3,1.47
Southwest,1/18/1987 19:00,38.6,0,663.6,217.6,1.46
Southwest,1/18/1987 20:00,40.3,0,672.8,220.7,1.37
Southwest,1/18/1987 21:00,41.7,0,609.5,223.2,1.71
Southwest,1/18/1987 22:00,42.3,0,472.2,225.3,2.14
Southwest,1/18/1987 23:00,42.2,0,316.9,226.4,2.44
Southwest,1/19/1987 0:00,40,0,92.5,226.4,2.2
Southwest,1/19/1987 1:00,36.5,0,0.7,225.3,1.69
Southwest,1/19/1987 2:00,34.7,0,0,223.4,1.4
Southwest,1/19/1987 3:00,33.5,0,0,222.3,1.64
Southwest,1/19/1987 4:00,32.2,0,0,221.2,2.04
Southwest,1/19/1987 5:00,31.3,0,0,220.5,2.03
Southwest,1/19/1987 6:00,30.5,0,0,220.1,2.01
Southwest,1/19/1987 7:00,29.7,0,0,219.3,2.06
Southwest,1/19/1987 8:00,28.8,0,0,218.6,2.08
Southwest,1/19/1987 9:00,28.3,0,0,218.3,2.23
Southwest,1/19/1987 10:00,27.8,0,0,217.6,2.27
Southwest,1/19/1987 11:00,27.2,0,0,217.2,2.22
Southwest,1/19/1987 12:00,26.9,0,0,216.8,2.12
Southwest,1/19/1987 13:00,26.6,0,0,217.9,2.12
Southwest,1/19/1987 14:00,26.4,0,0,219.6,2.04
Southwest,1/19/1987 15:00,27.4,0,57.6,221.3,2.02
Southwest,1/19/1987 16:00,31.6,0,242.6,224.6,1.8
Southwest,1/19/1987 17:00,35.4,0,421.3,229.9,1.73
Southwest,1/19/1987 18:00,38.5,0,559.4,235.2,1.52
Southwest,1/19/1987 19:00,41,0,619.2,239.4,1.32
Southwest,1/19/1987 20:00,42.6,0,630.8,243.9,1.25
Southwest,1/19/1987 21:00,43.7,0,570.4,246.9,1.78
Southwest,1/19/1987 22:00,44.3,0,443.1,249.8,2.57
Southwest,1/19/1987 23:00,43.8,0,261.7,251.7,2.95
Southwest,1/20/1987 0:00,42.1,0,109.5,252.2,2.96
Southwest,1/20/1987 1:00,38.6,0,1.1,255.9,2.57
Southwest,1/20/1987 2:00,37.1,0,0,256.5,2.57
Southwest,1/20/1987 3:00,35.5,0,0,256.4,2.31
Southwest,1/20/1987 4:00,34.6,0,0,254,2.06
Southwest,1/20/1987 5:00,33.7,0,0,251.8,2.19
Southwest,1/20/1987 6:00,32.8,0,0,248.4,2.33
Southwest,1/20/1987 7:00,32.3,0,0,248.6,2.28
Southwest,1/20/1987 8:00,31.7,0,0,248.8,2.04
Southwest,1/20/1987 9:00,31,0,0,247.5,1.85
Southwest,1/20/1987 10:00,30.3,0,0,246.4,1.94
Southwest,1/20/1987 11:00,29.7,0,0,246.3,2.2
Southwest,1/20/1987 12:00,29.4,0,0,245.1,2.45
Southwest,1/20/1987 13:00,29,0,0,245.2,2.62
Southwest,1/20/1987 14:00,29,0,0,241.4,2.74
Southwest,1/20/1987 15:00,29.5,0,54.3,238.8,2.86
Southwest,1/20/1987 16:00,32.9,0,256.4,235.1,3.16
Southwest,1/20/1987 17:00,36.6,0,443.9,233.2,3.47
Southwest,1/20/1987 18:00,39.3,0,559.6,234.6,3.86
Southwest,1/20/1987 19:00,42.1,0,645.1,238,4.11
Southwest,1/20/1987 20:00,43.9,0,653.2,240.3,4.33
Southwest,1/20/1987 21:00,45.1,0,602.8,241.1,4.43
Southwest,1/20/1987 22:00,45.5,0,467.2,241.8,4.37
Southwest,1/20/1987 23:00,45.1,0,313.5,241.4,4.14
Southwest,12/14/1987 0:00,38.1,0,40.3,243.5,6.67
Southwest,12/14/1987 1:00,36.1,0,0,243.6,5.54
Southwest,12/14/1987 2:00,34.7,0,0,244.1,4.8
Southwest,12/14/1987 3:00,33.7,0,0,239.2,4.13
Southwest,12/14/1987 4:00,32.5,0,0,235.3,3.78
Southwest,12/14/1987 5:00,31.6,0,0,235.7,3.56
Southwest,12/14/1987 6:00,31.2,0,0,237.1,3.57
Southwest,12/14/1987 7:00,30.2,0,0,233.9,3.55
Southwest,12/14/1987 8:00,29.2,0,0,228.5,3.09
Southwest,12/14/1987 9:00,28.2,0,0,224.8,2.69
Southwest,12/14/1987 10:00,27.4,0,0,222.1,2.57
Southwest,12/14/1987 11:00,26.9,0,0,221.8,2.51
Southwest,12/14/1987 12:00,26.5,0,0,222.5,2.45
Southwest,12/14/1987 13:00,26.2,0,0,220.4,2.22
Southwest,12/14/1987 14:00,25.7,0,0,217.5,1.41
Southwest,12/14/1987 15:00,26.7,0,68.5,214.7,1.35
Southwest,12/14/1987 16:00,30.7,0,252.3,215.7,1.65
Southwest,12/14/1987 17:00,33.9,0,418.3,218.2,1.77
Southwest,12/14/1987 18:00,36.4,0,538.3,220.8,2.07
Southwest,12/14/1987 19:00,38.6,0,602.3,222.5,1.91
Southwest,12/14/1987 20:00,40.1,0,596.1,224.1,1.95
Southwest,12/14/1987 21:00,41,0,529.7,224.8,1.75
Southwest,12/14/1987 22:00,41.1,0,400.9,225.1,2.25
Southwest,12/14/1987 23:00,40.6,0,215.3,228,2.52
Southwest,12/15/1987 0:00,37.3,0,37.2,230.8,2.03
Southwest,12/15/1987 1:00,34.6,0,0,230,1.7
Southwest,12/15/1987 2:00,33.1,0,0,227.2,1.55
Southwest,12/15/1987 3:00,32,0,0,224.7,1.39
Southwest,12/15/1987 4:00,31.1,0,0,221.7,1.09
Southwest,12/15/1987 5:00,30.4,0,0,221,0.74
Southwest,12/15/1987 6:00,29.5,0,0,219.6,0.96
Southwest,12/15/1987 7:00,28.9,0,0,218,0.89
Southwest,12/15/1987 8:00,28.1,0,0,216.9,1.11
Southwest,12/15/1987 9:00,27.7,0,0,217.8,1.49
Southwest,12/15/1987 10:00,27.2,0,0,217.6,1.78
Southwest,12/15/1987 11:00,26.7,0,0,216.5,1.93
Southwest,12/15/1987 12:00,26.3,0,0,215.3,1.92
Southwest,12/15/1987 13:00,26,0,0,214.2,1.97
Southwest,12/15/1987 14:00,25.4,0,0,213.1,2.1
Southwest,12/15/1987 15:00,26.7,0,71.5,212.5,2.25
Southwest,12/15/1987 16:00,31.4,0,256.4,214.6,2.17
Southwest,12/15/1987 17:00,35.4,0,426,217,2.31
Southwest,12/15/1987 18:00,38.5,0,546.9,220.2,2.18
Southwest,12/15/1987 19:00,40.8,0,604.3,224,2.05
Southwest,12/15/1987 20:00,42.3,0,590.5,228.1,1.8
Southwest,12/15/1987 21:00,43.4,0,499.1,236.7,1.45
Southwest,12/15/1987 22:00,43.6,0,338.4,247.7,1.2
Southwest,12/15/1987 23:00,42.8,0,181.8,249.2,1.4
Southwest,12/25/1987 0:00,39.1,0,54.4,234.7,3.91
Southwest,12/25/1987 1:00,35.9,0,0,237.3,2.97
Southwest,12/25/1987 2:00,34.5,0,0,240.5,2.39
Southwest,12/25/1987 3:00,33.4,0,0,240.7,1.89
Southwest,12/25/1987 4:00,32.5,0,0,241.5,1.75
Southwest,12/25/1987 5:00,31.7,0,0,239.4,1.5
Southwest,12/25/1987 6:00,31,0,0,236.5,1.48
Southwest,12/25/1987 7:00,30.3,0,0,239.2,1.65
Southwest,12/25/1987 8:00,29.9,0,0,240.9,1.95
Southwest,12/25/1987 9:00,29.4,0,0,238.3,2.41
Southwest,12/25/1987 10:00,28.6,0,0,235.6,2.58
Southwest,12/25/1987 11:00,28.1,0,0,233.8,2.54
Southwest,12/25/1987 12:00,27.7,0,0,230.5,2.36
Southwest,12/25/1987 13:00,27.5,0,0,233,2.46
Southwest,12/25/1987 14:00,27.1,0,0,235.7,2.54
Southwest,12/25/1987 15:00,27.4,0,37.9,238.3,2.5
Southwest,12/25/1987 16:00,29.6,0,182,237.5,2.65
Southwest,12/25/1987 17:00,31.7,0,327.3,239.1,2.86
Southwest,12/25/1987 18:00,33.8,0,445.9,238.6,2.99
Southwest,12/25/1987 19:00,35.2,0,536.1,234.5,3.21
Southwest,12/25/1987 20:00,36.3,0,554.7,234.3,3.44
Southwest,12/25/1987 21:00,36.8,0,481.8,238.4,3.81
Southwest,12/25/1987 22:00,36.8,0,361.1,239.5,4.04
Southwest,12/25/1987 23:00,36.1,0,211.1,238.8,4.05
Southwest,12/26/1987 0:00,34,0,52.2,236.3,3.59
Southwest,12/26/1987 1:00,31.3,0,0,235.2,2.98
Southwest,12/26/1987 2:00,30,0,0,235.6,2.67
Southwest,12/26/1987 3:00,29,0,0,234,2.49
Southwest,12/26/1987 4:00,28,0,0,231.9,2.34
Southwest,12/26/1987 5:00,27.4,0,0,231.1,2.12
Southwest,12/26/1987 6:00,27,0,0,232.3,2.12
Southwest,12/26/1987 7:00,26.4,0,0,227.3,2.22
Southwest,12/26/1987 8:00,25.9,0,0,224,2.15
Southwest,12/26/1987 9:00,25.6,0,0,222.4,2.17
Southwest,12/26/1987 10:00,25.1,0,0,221.5,2.31
Southwest,12/26/1987 11:00,24.9,0,0,220.2,2.22
Southwest,12/26/1987 12:00,24.6,0,0,221.9,2.17
Southwest,12/26/1987 13:00,24.4,0,0,220.8,2.04
Southwest,12/26/1987 14:00,24,0,0,220.2,1.92
Southwest,12/26/1987 15:00,24.5,0,47.6,220.7,1.78
Southwest,12/26/1987 16:00,27.6,0,213,224.3,2.11
Southwest,12/26/1987 17:00,30.4,0,381.4,226.3,2.1
Southwest,12/26/1987 18:00,32.4,0,508.4,227.6,2.12
Southwest,12/26/1987 19:00,34.3,0,576.2,227.8,2.04
Southwest,12/26/1987 20:00,35.5,0,576.7,229,2
Southwest,12/26/1987 21:00,36.3,0,527.3,225.7,2.3
Southwest,12/26/1987 22:00,36.4,0,405.2,225.3,2.53
Southwest,12/26/1987 23:00,35.9,0,235.8,226.5,2.46
Southwest,12/27/1987 0:00,33.4,0,58,225.7,1.85
Southwest,12/27/1987 1:00,30.6,0,0,225.1,1.42
Southwest,12/27/1987 2:00,29.3,0,0,223.7,1.13
Southwest,12/27/1987 3:00,28.4,0,0,221.1,0.96
Southwest,12/27/1987 4:00,27.9,0,0,217.4,0.87
Southwest,12/27/1987 5:00,27.5,0,0,219.1,1.2
Southwest,12/27/1987 6:00,27,0,0,217.3,1.59
Southwest,12/27/1987 7:00,26.4,0,0,215.1,1.81
Southwest,12/27/1987 8:00,25.9,0,0,213.6,1.85
Southwest,12/27/1987 9:00,25.3,0,0,211.3,1.99
Southwest,12/27/1987 10:00,24.8,0,0,210.7,2.03
Southwest,12/27/1987 11:00,24.4,0,0,210.9,1.86
Southwest,12/27/1987 12:00,24.3,0,0,211.7,1.7
Southwest,12/27/1987 13:00,23.9,0,0,211.2,1.76
Southwest,12/27/1987 14:00,23.8,0,0,211.1,1.88
Southwest,12/27/1987 15:00,24.4,0,55.6,211.2,2.03
Southwest,12/27/1987 16:00,27.8,0,240.3,212.6,2.43
Southwest,12/27/1987 17:00,31.2,0,408.3,216.5,2.71
Southwest,12/27/1987 18:00,33.9,0,531.4,219.5,2.7
Southwest,12/27/1987 19:00,35.9,0,598.9,222.1,2.71
Southwest,12/27/1987 20:00,37.6,0,597.8,225.3,2.71
Southwest,12/27/1987 21:00,38.7,0,536.4,227.6,2.19
Southwest,12/27/1987 22:00,39.3,0,415.4,229.2,1.94
Southwest,12/27/1987 23:00,38.7,0,246.1,230.2,1.99
Southwest,12/27/1988 0:00,40.7,0,61.6,237.7,5.52
Southwest,12/27/1988 1:00,36.6,0,0,232.1,4.1
Southwest,12/27/1988 2:00,34.6,0,0,225.7,3.46
Southwest,12/27/1988 3:00,32.9,0,0,220.4,2.86
Southwest,12/27/1988 4:00,31.5,0,0,216,2.41
Southwest,12/27/1988 5:00,30.2,0,0,213.4,2.34
Southwest,12/27/1988 6:00,29.1,0,0,210.3,2.16
Southwest,12/27/1988 7:00,28.2,0,0,208.5,2.07
Southwest,12/27/1988 8:00,27.1,0,0,205.1,1.97
Southwest,12/27/1988 9:00,26.2,0,0,202.3,1.93
Southwest,12/27/1988 10:00,25.6,0,0,200.4,2
Southwest,12/27/1988 11:00,24.8,0,0,198.5,1.91
Southwest,12/27/1988 12:00,24.3,0,0,196.9,1.8
Southwest,12/27/1988 13:00,23.7,0,0,195.7,1.65
Southwest,12/27/1988 14:00,23.4,0,0,195.4,1.25
Southwest,12/27/1988 15:00,24.4,0,58.5,196.3,1.04
Southwest,12/27/1988 16:00,28.9,0,249.8,198.3,1.48
Southwest,12/27/1988 17:00,33.2,0,422.8,201.5,2.14
Southwest,12/27/1988 18:00,36,0,548.4,204.5,2.58
Southwest,12/27/1988 19:00,38.2,0,613.1,207.9,2.51
Southwest,12/27/1988 20:00,40.1,0,618.4,210.1,2.26
Southwest,12/27/1988 21:00,41.1,0,554.7,212.1,2.64
Southwest,12/27/1988 22:00,41.3,0,429.3,213.7,3.13
Southwest,12/27/1988 23:00,40.7,0,257.2,214.3,3.14
Southwest,12/28/1988 0:00,37.7,0,65.5,213.7,2.32
Southwest,12/28/1988 1:00,34.3,0,0,212.2,1.59
Southwest,12/28/1988 2:00,32.7,0,0,210.5,1.21
Southwest,12/28/1988 3:00,31.5,0,0,208.7,1.38
Southwest,12/28/1988 4:00,30.6,0,0,208,1.64
Southwest,12/28/1988 5:00,29.2,0,0,207.5,2.05
Southwest,12/28/1988 6:00,28.7,0,0,207,2.09
Southwest,12/28/1988 7:00,27.8,0,0,207.4,1.98
Southwest,12/28/1988 8:00,27.1,0,0,206.3,2.03
Southwest,12/28/1988 9:00,26.2,0,0,205.2,2.31
Southwest,12/28/1988 10:00,25.6,0,0,205.1,2.31
Southwest,12/28/1988 11:00,25,0,0,205.4,2.26
Southwest,12/28/1988 12:00,24.6,0,0,206.8,2.18
Southwest,12/28/1988 13:00,24.4,0,0,210.6,2.1
Southwest,12/28/1988 14:00,24.1,0,0,212.4,2.01
Southwest,12/28/1988 15:00,25.5,0,54.8,212.5,1.79
Southwest,12/28/1988 16:00,30.4,0,239.2,211.4,1.5
Southwest,12/28/1988 17:00,34.7,0,411.9,214.4,1.6
Southwest,12/28/1988 18:00,38,0,541.6,216.8,1.89
Southwest,12/28/1988 19:00,40.5,0,612.1,218.8,2.14
Southwest,12/28/1988 20:00,42.4,0,615.8,221,2.2
Southwest,12/28/1988 21:00,43.5,0,553.3,223,2.52
Southwest,12/28/1988 22:00,43.8,0,431,224.1,2.75
Southwest,12/28/1988 23:00,43.2,0,260.3,224.4,2.57
Southwest,12/29/1988 0:00,39.8,0,68.4,223.5,2
Southwest,12/29/1988 1:00,36.4,0,0,221.5,1.71
Southwest,12/29/1988 2:00,34.9,0,0,219.6,1.59
Southwest,12/29/1988 3:00,33.5,0,0,217.8,1.65
Southwest,12/29/1988 4:00,32.1,0,0,216.4,1.78
Southwest,12/29/1988 5:00,31,0,0,215.2,1.85
Southwest,12/29/1988 6:00,30.1,0,0,214.3,1.89
Southwest,12/29/1988 7:00,29.3,0,0,212.9,1.86
Southwest,12/29/1988 8:00,28.4,0,0,211.4,2.06
Southwest,12/29/1988 9:00,27.4,0,0,210.3,1.98
Southwest,12/29/1988 10:00,26.9,0,0,209.5,1.81
Southwest,12/29/1988 11:00,26.4,0,0,209,1.7
Southwest,12/29/1988 12:00,25.9,0,0,208.6,1.65
Southwest,12/29/1988 13:00,25.4,0,0,207.9,1.5
Southwest,12/29/1988 14:00,25.2,0,0,207.6,1.31
Southwest,12/29/1988 15:00,25.9,0,55.4,207.2,1.19
Southwest,12/29/1988 16:00,30.6,0,244.2,208.4,1.07
Southwest,12/29/1988 17:00,34.8,0,420.1,211.7,1.27
Southwest,12/29/1988 18:00,38.3,0,549.4,215,1.49
Southwest,12/29/1988 19:00,41.2,0,618.9,218.2,1.81
Southwest,12/29/1988 20:00,43.1,0,622.2,221,2.14
Southwest,12/29/1988 21:00,44.1,0,558.2,223.2,2.54
Southwest,12/29/1988 22:00,44.3,0,434.1,224.6,3.01
Southwest,12/29/1988 23:00,43.7,0,263.2,225,3.32
Southwest,12/30/1988 0:00,40.3,0,70.7,224.1,2.89
Southwest,12/30/1988 1:00,36.1,0,0,222,2.6
Southwest,12/30/1988 2:00,34.3,0,0,220.3,2.24
Southwest,12/30/1988 3:00,33,0,0,219.1,1.98
Southwest,12/30/1988 4:00,31.9,0,0,217.8,1.82
Southwest,12/30/1988 5:00,31.1,0,0,216.4,1.65
Southwest,12/30/1988 6:00,30.3,0,0,215.3,1.46
Southwest,12/30/1988 7:00,29.6,0,0,214.6,1.37
Southwest,12/30/1988 8:00,28.9,0,0,214,1.34
Southwest,12/30/1988 9:00,28.3,0,0,213.3,1.39
Southwest,12/30/1988 10:00,27.9,0,0,212.9,1.49
Southwest,12/30/1988 11:00,27.4,0,0,212.5,1.55
Southwest,12/30/1988 12:00,26.9,0,0,212.6,1.51
Southwest,12/30/1988 13:00,26.5,0,0,212.5,1.49
Southwest,12/30/1988 14:00,26.2,0,0,212.4,1.56
Southwest,12/30/1988 15:00,26.7,0,54.7,212.4,1.59
Southwest,12/30/1988 16:00,31.4,0,241.9,214.5,1.41
Southwest,12/30/1988 17:00,35.7,0,414.7,218.4,1.47
Southwest,12/30/1988 18:00,39.3,0,542,222.6,1.62
Southwest,12/30/1988 19:00,42.4,0,609.5,226.9,1.74
Southwest,12/30/1988 20:00,44.5,0,611.6,230.3,1.76
Southwest,12/30/1988 21:00,45.8,0,545.9,233.3,1.75
Southwest,12/30/1988 22:00,46.2,0,422.5,235.7,1.82
Southwest,12/30/1988 23:00,45.6,0,255.4,236.5,1.81
Southwest,7/4/1989 0:00,104.4,0,520,386.4,5.84
Southwest,7/4/1989 1:00,102.5,0,307,384.6,6.23
Southwest,7/4/1989 2:00,98.6,0,102.4,381.9,5.48
Southwest,7/4/1989 3:00,91.8,0,3.1,375.4,4.41
Southwest,7/4/1989 4:00,88.4,0,0,367.1,3.5
Southwest,7/4/1989 5:00,85.9,0,0,361.9,2.68
Southwest,7/4/1989 6:00,84.1,0,0,358.8,2.21
Southwest,7/4/1989 7:00,82.5,0,0,355.7,1.98
Southwest,7/4/1989 8:00,80.8,0,0,352,1.68
Southwest,7/4/1989 9:00,79.3,0,0,349,1.49
Southwest,7/4/1989 10:00,77.9,0,0,346.2,1.61
Southwest,7/4/1989 11:00,76.8,0,0,344.3,1.86
Southwest,7/4/1989 12:00,76,0,0.1,342.9,2.22
Southwest,7/4/1989 13:00,77.3,0,69.4,341.6,2.47
Southwest,7/4/1989 14:00,83.6,0,271.3,345.4,2.47
Southwest,7/4/1989 15:00,89.6,0,488.7,353.2,2.73
Southwest,7/4/1989 16:00,94.5,0,691.4,360.1,2.58
Southwest,7/4/1989 17:00,98.3,0,861.2,367.5,2.44
Southwest,7/4/1989 18:00,101.6,0,983.9,374.3,2.08
Southwest,7/4/1989 19:00,104,0,1049.9,379.6,2.19
Southwest,7/4/1989 20:00,105.2,0,1053.1,383.5,2.74
Southwest,7/4/1989 21:00,106.2,0,988.7,386.4,3.25
Southwest,7/4/1989 22:00,106.7,0,864.8,389.2,3.73
Southwest,7/4/1989 23:00,106.6,0,701.8,390,4.21
Southwest,7/5/1989 0:00,105.6,0,500.4,390.3,4.65
Southwest,7/5/1989 1:00,103.6,0,289.1,390.1,4.85
Southwest,7/5/1989 2:00,98.9,0,97.2,387.2,3.96
Southwest,7/5/1989 3:00,92.2,0,3.1,379.6,3.54
Southwest,7/5/1989 4:00,88.2,0,0,371.6,3.18
Southwest,7/5/1989 5:00,85.6,0,0,366.9,3.07
Southwest,7/5/1989 6:00,83.2,0,0,362.8,3.09
Southwest,7/5/1989 7:00,81.3,0,0,358.4,3.01
Southwest,7/5/1989 8:00,79.3,0,0,353.8,2.66
Southwest,7/5/1989 9:00,77.6,0,0,350.1,2.22
Southwest,7/5/1989 10:00,76.5,0,0,347.3,1.89
Southwest,7/5/1989 11:00,75.1,0,0,344.8,2.2
Southwest,7/5/1989 12:00,74.1,0,0,344,2.59
Southwest,7/5/1989 13:00,75.6,0,65.7,344.1,2.31
Southwest,7/5/1989 14:00,81.9,0,263.3,348.4,2.04
Southwest,7/5/1989 15:00,87.3,0,483.5,354.9,2.02
Southwest,7/5/1989 16:00,91.3,0,685.6,361.5,2.51
Southwest,7/5/1989 17:00,94.2,0,855,367.5,2.98
Southwest,7/5/1989 18:00,96.9,0,977.7,372.9,3.18
Southwest,7/5/1989 19:00,99.2,0,1043.3,378,3.31
Southwest,7/5/1989 20:00,101.4,0,1048.2,382.3,3.3
Southwest,7/5/1989 21:00,103.2,0,990.4,386.2,3.5
Southwest,7/5/1989 22:00,104.6,0,875.9,388.9,3.69
Southwest,7/5/1989 23:00,105,0,708.2,390.4,3.97
Southwest,2/16/1990 0:00,37.5,0,242.1,203.8,5.17
Southwest,2/16/1990 1:00,34.6,0,31.7,203.5,3.93
Southwest,2/16/1990 2:00,32,0,0,202.1,2.99
Southwest,2/16/1990 3:00,30.8,0,0,201.9,2.25
Southwest,2/16/1990 4:00,29.9,0,0,201.3,1.78
Southwest,2/16/1990 5:00,29.3,0,0,200.5,1.44
Southwest,2/16/1990 6:00,28.7,0,0,199.9,1.45
Southwest,2/16/1990 7:00,28,0,0,199.3,1.35
Southwest,2/16/1990 8:00,27.5,0,0,199,1.34
Southwest,2/16/1990 9:00,26.8,0,0,198.6,1.49
Southwest,2/16/1990 10:00,26.2,0,0,198.2,1.71
Southwest,2/16/1990 11:00,25.6,0,0,198,2.03
Southwest,2/16/1990 12:00,25,0,0,197.5,2.3
Southwest,2/16/1990 13:00,24.3,0,0,197.3,2.43
Southwest,2/16/1990 14:00,23.9,0,0.8,197.7,2.51
Southwest,2/16/1990 15:00,26.5,0,130.3,198.6,2.6
Southwest,2/16/1990 16:00,31.7,0,349.5,202.1,2.84
Southwest,2/16/1990 17:00,35.6,0,544.8,206.1,3.01
Southwest,2/16/1990 18:00,38.9,0,690.7,210.1,3.06
Southwest,2/16/1990 19:00,41.4,0,776,213.8,2.88
Southwest,2/16/1990 20:00,43.3,0,792.4,216.7,2.81
Southwest,2/16/1990 21:00,44.9,0,738.1,219.4,2.84
Southwest,2/16/1990 22:00,45.9,0,620.2,221.7,2.93
Southwest,2/16/1990 23:00,46.1,0,447.3,223.1,3.02
Southwest,6/25/1990 0:00,104.1,0,503.7,390.9,3.47
Southwest,6/25/1990 1:00,102.5,0,296.1,388.8,3.8
Southwest,6/25/1990 2:00,98.5,0,98.6,385.6,3.64
Southwest,6/25/1990 3:00,92.3,0,3,378.7,3.32
Southwest,6/25/1990 4:00,88.7,0,0,371.8,3.09
Southwest,6/25/1990 5:00,85.9,0,0,366.7,2.84
Southwest,6/25/1990 6:00,83.9,0,0,362.7,2.57
Southwest,6/25/1990 7:00,81.9,0,0,359,2.31
Southwest,6/25/1990 8:00,80.5,0,0,355.4,1.95
Southwest,6/25/1990 9:00,78.9,0,0,352.9,1.63
Southwest,6/25/1990 10:00,77.5,0,0,350.6,1.29
Southwest,6/25/1990 11:00,76.5,0,0,348.7,1.09
Southwest,6/25/1990 12:00,75.8,0,0.1,347.4,1.36
Southwest,6/25/1990 13:00,77.4,0,78.6,347.5,1.48
Southwest,6/25/1990 14:00,83.7,0,278.1,351.9,1.34
Southwest,6/25/1990 15:00,89.4,0,490.4,360.4,1.01
Southwest,6/25/1990 16:00,94.1,0,695,366.8,1.07
Southwest,6/25/1990 17:00,98.4,0,862,374.3,1.75
Southwest,6/25/1990 18:00,101.7,0,981.5,381.8,2.76
Southwest,6/25/1990 19:00,104.4,0,1043.3,387.7,3.93
Southwest,6/25/1990 20:00,106,0,1045,390.9,4.4
Southwest,6/25/1990 21:00,107,0,984.8,393.5,4.31
Southwest,6/25/1990 22:00,107.6,0,867,395.3,4.08
Southwest,6/25/1990 23:00,107.5,0,703.1,396.3,4.06
Southwest,6/26/1990 0:00,106.6,0,505.9,396.6,4.42
Southwest,6/26/1990 1:00,104.9,0,298.2,394.4,4.85
Southwest,6/26/1990 2:00,100.9,0,100.4,390.4,4.4
Southwest,6/26/1990 3:00,94.1,0,3.2,382.8,3.95
Southwest,6/26/1990 4:00,90.5,0,0,376.4,3.51
Southwest,6/26/1990 5:00,88.2,0,0,372.6,2.89
Southwest,6/26/1990 6:00,86.5,0,0,368.8,2.62
Southwest,6/26/1990 7:00,84.9,0,0,364.3,2.59
Southwest,6/26/1990 8:00,83,0,0,360.7,2.36
Southwest,6/26/1990 9:00,81.8,0,0,357.6,2.1
Southwest,6/26/1990 10:00,80.5,0,0,355.2,1.98
Southwest,6/26/1990 11:00,79.7,0,0,353.4,1.95
Southwest,6/26/1990 12:00,78.9,0,0.1,352.5,2.09
Southwest,6/26/1990 13:00,80.3,0,78.1,351.2,2.19
Southwest,6/26/1990 14:00,86.7,0,281.2,354.5,2.02
Southwest,6/26/1990 15:00,93.1,0,497.4,363.1,2.28
Southwest,6/26/1990 16:00,97.9,0,698,370.8,2.37
Southwest,6/26/1990 17:00,101.7,0,865,377.9,2.38
Southwest,6/26/1990 18:00,104.6,0,984.8,384.3,2.21
Southwest,6/26/1990 19:00,106.8,0,1045.7,390.1,2.83
Southwest,6/26/1990 20:00,108.2,0,1043.5,394.8,3.32
Southwest,6/26/1990 21:00,109,0,982.2,397.9,3.61
Southwest,6/26/1990 22:00,109.3,0,861.3,399.6,3.85
Southwest,6/26/1990 23:00,108.9,0,701.7,399.6,4.2
Southwest,6/27/1990 0:00,108.2,0,506.2,399.2,4.55
Southwest,6/27/1990 1:00,106.4,0,295.5,398.5,5.15
Southwest,6/27/1990 2:00,102.2,0,98.1,396.2,4.53
Southwest,6/27/1990 3:00,95.6,0,3.1,388.8,3.82
Southwest,6/27/1990 4:00,92.2,0,0,382.6,3.6
Southwest,6/27/1990 5:00,89.4,0,0,376.8,3.24
Southwest,6/27/1990 6:00,87.6,0,0,374.2,2.87
Southwest,6/27/1990 7:00,85.8,0,0,370.3,2.52
Southwest,6/27/1990 8:00,84,0,0,366.8,2.33
Southwest,6/27/1990 9:00,82.5,0,0,364.9,2.17
Southwest,6/27/1990 10:00,81,0,0,361.2,1.99
Southwest,6/27/1990 11:00,79.7,0,0,357.6,1.79
Southwest,6/27/1990 12:00,78.9,0,0.1,354.8,1.78
Southwest,6/27/1990 13:00,80.1,0,75.2,353.3,1.72
Southwest,6/27/1990 14:00,86,0,274.1,356.7,1.34
Southwest,6/27/1990 15:00,91.5,0,488.7,363.6,1.06
Southwest,6/27/1990 16:00,96.3,0,689.2,369.8,1.19
Southwest,6/27/1990 17:00,100.3,0,854.7,376.8,1.6
Southwest,6/27/1990 18:00,103.2,0,978.5,383.1,2.38
Southwest,6/27/1990 19:00,105.4,0,1039,388.3,3.42
Southwest,6/27/1990 20:00,106.9,0,1037,391.5,4.34
Southwest,6/27/1990 21:00,107.4,0,967.7,394.6,4.76
Southwest,6/27/1990 22:00,107.8,0,842,397.4,4.9
Southwest,6/27/1990 23:00,107.4,0,674.8,398.9,5.06
Southwest,6/28/1990 0:00,106.5,0,487.5,398.7,5.21
Southwest,6/28/1990 1:00,104.8,0,288.2,396.9,5.3
Southwest,6/28/1990 2:00,100.9,0,97.7,394.1,4.39
Southwest,6/28/1990 3:00,94.5,0,3.1,387.4,3.5
Southwest,6/28/1990 4:00,91.2,0,0,382.2,2.95
Southwest,6/28/1990 5:00,88.8,0,0,375,2.64
Southwest,6/28/1990 6:00,86.5,0,0,370.1,2.22
Southwest,6/28/1990 7:00,84.9,0,0,366.5,1.81
Southwest,6/28/1990 8:00,83.2,0,0,363.1,1.66
Southwest,6/28/1990 9:00,81.5,0,0,359.9,1.56
Southwest,6/28/1990 10:00,80.2,0,0,357.8,1.54
Southwest,6/28/1990 11:00,79,0,0,356,1.66
Southwest,6/28/1990 12:00,78,0,0.1,353.4,1.93
Southwest,6/28/1990 13:00,79.3,0,71.7,351.6,2.08
Southwest,6/28/1990 14:00,85.1,0,265.6,355.5,1.96
Southwest,6/28/1990 15:00,91.1,0,480.8,362.3,2.13
Southwest,6/28/1990 16:00,95.6,0,680.4,368.5,2.01
Southwest,6/28/1990 17:00,99.2,0,835.2,376,2.06
Southwest,6/28/1990 18:00,101.8,0,949.8,382.4,2.68
Southwest,6/28/1990 19:00,103.6,0,1023.2,386.4,3.48
Southwest,6/28/1990 20:00,105.1,0,1023.8,390,4.2
Southwest,6/28/1990 21:00,105.8,0,949.5,393.7,4.58
Southwest,6/28/1990 22:00,106,0,830.8,396.3,4.81
Southwest,6/28/1990 23:00,105.3,0,663.3,398,5.01
Southwest,12/21/1990 0:00,42.4,0,30.4,277.3,8.55
Southwest,12/21/1990 1:00,40,0,0,272.9,7.62
Southwest,12/21/1990 2:00,37.8,0,0,259.2,6.79
Southwest,12/21/1990 3:00,35.9,0,0,251.7,6.05
Southwest,12/21/1990 4:00,34.2,0,0,242.9,5.55
Southwest,12/21/1990 5:00,32.7,0,0,235.2,5.05
Southwest,12/21/1990 6:00,31.5,0,0,233.1,4.69
Southwest,12/21/1990 7:00,30.3,0,0,231.4,4.25
Southwest,12/21/1990 8:00,29.4,0,0,229.8,4.01
Southwest,12/21/1990 9:00,28.7,0,0,227.9,3.81
Southwest,12/21/1990 10:00,27.7,0,0,226.1,3.63
Southwest,12/21/1990 11:00,26.9,0,0,224.3,3.44
Southwest,12/21/1990 12:00,26.3,0,0,223.2,3.17
Southwest,12/21/1990 13:00,25.6,0,0,223.9,2.53
Southwest,12/21/1990 14:00,25.3,0,0,223.7,2.43
Southwest,12/21/1990 15:00,26,0,48.5,223.3,2.79
Southwest,12/21/1990 16:00,29.8,0,209.9,225,3.43
Southwest,12/21/1990 17:00,33.1,0,365.9,227.3,4.63
Southwest,12/21/1990 18:00,35.4,0,480.5,230,5.81
Southwest,12/21/1990 19:00,37.5,0,548.1,231.9,6.93
Southwest,12/21/1990 20:00,39.2,0,545.4,235.2,7.54
Southwest,12/21/1990 21:00,39.7,0,491.7,235.2,7.83
Southwest,12/21/1990 22:00,39.6,0,375.7,236.2,7.98
Southwest,12/21/1990 23:00,38.8,0,210.3,239.1,7.38
Southwest,12/22/1990 0:00,36.5,0,45.5,242.1,5.7
Southwest,12/22/1990 1:00,33.3,0,0,242.9,3.97
Southwest,12/22/1990 2:00,31.9,0,0,238.6,3.03
Southwest,12/22/1990 3:00,31,0,0,245,2.49
Southwest,12/22/1990 4:00,30.7,0,0,255.7,2.33
Southwest,12/22/1990 5:00,30.1,0,0,256.2,2.34
Southwest,12/22/1990 6:00,29.5,0,0,251.5,2.34
Southwest,12/22/1990 7:00,28.6,0,0,246.5,2.55
Southwest,12/22/1990 8:00,27.6,0,0,240.2,2.77
Southwest,12/22/1990 9:00,26.4,0,0,234.2,2.85
Southwest,12/22/1990 10:00,25.3,0,0,228.9,2.9
Southwest,12/22/1990 11:00,24.2,0,0,223.1,2.71
Southwest,12/22/1990 12:00,23.4,0,0,219.9,2.3
Southwest,12/22/1990 13:00,22.7,0,0,217.1,1.78
Southwest,12/22/1990 14:00,22,0,0,212.6,1.64
Southwest,12/22/1990 15:00,22.4,0,51,208.6,1.46
Southwest,12/22/1990 16:00,26.4,0,219.6,210.3,1.89
Southwest,12/22/1990 17:00,29.7,0,384.3,210.7,2.55
Southwest,12/22/1990 18:00,32.2,0,515.8,210.3,3.11
Southwest,12/22/1990 19:00,34,0,581,211.5,3.95
Southwest,12/22/1990 20:00,35.3,0,584.9,211.5,4.8
Southwest,12/22/1990 21:00,36,0,523.3,212.1,5.48
Southwest,12/22/1990 22:00,36,0,413.2,208.1,5.66
Southwest,12/22/1990 23:00,34.9,0,248.3,204.3,5.59
Southwest,12/23/1990 0:00,31.9,0,58.9,201.4,4.81
Southwest,12/23/1990 1:00,27.6,0,0,197.4,3.74
Southwest,12/23/1990 2:00,25.3,0,0,193.4,3.16
Southwest,12/23/1990 3:00,23.8,0,0,192.4,2.63
Southwest,12/23/1990 4:00,22.7,0,0,188.9,2.28
Southwest,12/23/1990 5:00,21.7,0,0,187.2,2.03
Southwest,12/23/1990 6:00,20.7,0,0,187.2,1.89
Southwest,12/23/1990 7:00,19.9,0,0,184.5,1.84
Southwest,12/23/1990 8:00,19.1,0,0,181.8,1.8
Southwest,12/23/1990 9:00,18.6,0,0,180.5,1.77
Southwest,12/23/1990 10:00,17.9,0,0,179.7,1.74
Southwest,12/23/1990 11:00,17.3,0,0,179.4,1.8
Southwest,12/23/1990 12:00,16.7,0,0,179,2.02
Southwest,12/23/1990 13:00,16.3,0,0,178.9,2.34
Southwest,12/23/1990 14:00,15.7,0,0,178.8,2.65
Southwest,12/23/1990 15:00,16.5,0,64.2,178.5,2.97
Southwest,12/23/1990 16:00,21.1,0,258,180.4,3.25
Southwest,12/23/1990 17:00,25.3,0,434.8,184.1,3.43
Southwest,12/23/1990 18:00,28.7,0,562.9,187.7,3.55
Southwest,12/23/1990 19:00,31.4,0,629.4,191.3,3.23
Southwest,12/23/1990 20:00,33.4,0,628.9,194.4,3.13
Southwest,12/23/1990 21:00,34.7,0,561.3,197,3.29
Southwest,12/23/1990 22:00,35.1,0,432.7,198.8,3.58
Southwest,12/23/1990 23:00,34.5,0,255.8,199.9,3.72
Southwest,12/24/1990 0:00,30.9,0,60.1,199.7,3.13
Southwest,12/24/1990 1:00,27.3,0,0,198.2,2.75
Southwest,12/24/1990 2:00,25.7,0,0,197.6,2.76
Southwest,12/24/1990 3:00,24.6,0,0,197.3,2.97
Southwest,12/24/1990 4:00,23.6,0,0,196.7,3.2
Southwest,12/24/1990 5:00,23,0,0,196.5,3.27
Southwest,12/24/1990 6:00,22.4,0,0,196.6,3.24
Southwest,12/24/1990 7:00,22.1,0,0,197.4,3.18
Southwest,12/24/1990 8:00,21.8,0,0,200.6,3.15
Southwest,12/24/1990 9:00,21.5,0,0,204.6,3.24
Southwest,12/24/1990 10:00,21.4,0,0,204.5,3.27
Southwest,12/24/1990 11:00,21.1,0,0,205.5,3.18
Southwest,12/24/1990 12:00,20.8,0,0,208.3,3.14
Southwest,12/24/1990 13:00,21,0,0,210.9,3.14
Southwest,12/24/1990 14:00,20.9,0,0,210.8,3.09
Southwest,12/24/1990 15:00,22.1,0,54,210.6,3.04
Southwest,12/24/1990 16:00,26.7,0,229.9,212.2,2.86
Southwest,12/24/1990 17:00,31.9,0,401.8,216,2.97
Southwest,12/24/1990 18:00,36.1,0,528.3,219.9,3.1
Southwest,12/24/1990 19:00,39.6,0,594.4,224.6,3.09
Southwest,12/24/1990 20:00,42.1,0,598.3,227.3,2.89
Southwest,12/24/1990 21:00,43.7,0,540.5,227.2,2.74
Southwest,12/24/1990 22:00,44.4,0,422.6,226.1,2.75
Southwest,12/24/1990 23:00,43.9,0,251.5,225.8,2.75
Southwest,12/25/1990 0:00,39.4,0,60.1,224.8,2.24
Southwest,12/25/1990 1:00,35.2,0,0,222,2.13
Southwest,12/25/1990 2:00,33.2,0,0,219.6,2.16
Southwest,12/25/1990 3:00,31.7,0,0,217.8,2.28
Southwest,12/25/1990 4:00,30.5,0,0,216.4,2.31
Southwest,12/25/1990 5:00,29.6,0,0,215.4,2.41
Southwest,12/25/1990 6:00,28.7,0,0,214.2,2.45
Southwest,12/25/1990 7:00,27.9,0,0,213.6,2.49
Southwest,12/25/1990 8:00,27.1,0,0,213,2.43
Southwest,12/25/1990 9:00,26.5,0,0,212.1,2.39
Southwest,12/25/1990 10:00,26,0,0,211.3,2.32
Southwest,12/25/1990 11:00,25.6,0,0,210.6,2.34
Southwest,12/25/1990 12:00,25,0,0,209.6,2.44
Southwest,12/25/1990 13:00,24.7,0,0,209.2,2.44
Southwest,12/25/1990 14:00,24.3,0,0,208.9,2.43
Southwest,12/25/1990 15:00,25.6,0,59.1,208.7,2.37
Southwest,12/25/1990 16:00,30.8,0,247,210.7,1.95
Southwest,12/25/1990 17:00,35.8,0,421.9,214.4,1.74
Southwest,12/25/1990 18:00,39.7,0,548.5,218.7,1.46
Southwest,12/25/1990 19:00,43,0,610.8,223.6,1.33
Southwest,12/25/1990 20:00,45.4,0,608.5,227.6,1.31
Southwest,12/25/1990 21:00,46.9,0,542.6,230.2,1.18
Southwest,12/25/1990 22:00,47.5,0,420.9,230.7,1.65
Southwest,12/25/1990 23:00,46.6,0,250,231,2.09
Southwest,12/26/1990 0:00,42.4,0,61.3,229.7,1.84
Southwest,12/26/1990 1:00,38.3,0,0,226.2,1.73
Southwest,12/26/1990 2:00,36.1,0,0,222.6,1.63
Southwest,12/26/1990 3:00,34.5,0,0,220.4,1.62
Southwest,12/26/1990 4:00,33.1,0,0,218.9,1.77
Southwest,12/26/1990 5:00,31.9,0,0,216.6,1.95
Southwest,12/26/1990 6:00,30.8,0,0,215.1,2.11
Southwest,12/26/1990 7:00,29.9,0,0,214.1,2.26
Southwest,12/26/1990 8:00,29,0,0,213.9,2.22
Southwest,12/26/1990 9:00,28.3,0,0,212.2,2.3
Southwest,12/26/1990 10:00,27.7,0,0,210.5,2.33
Southwest,12/26/1990 11:00,27.1,0,0,210.3,2.36
Southwest,12/26/1990 12:00,26.7,0,0,210.5,2.38
Southwest,12/26/1990 13:00,26.2,0,0,210.9,2.42
Southwest,12/26/1990 14:00,25.7,0,0,210.8,2.46
Southwest,12/26/1990 15:00,26.7,0,56.8,210.6,2.38
Southwest,12/26/1990 16:00,31.8,0,244,212.6,2.03
Southwest,12/26/1990 17:00,37.1,0,417.9,217.2,2.01
Southwest,12/26/1990 18:00,41.2,0,544.7,222.2,1.88
Southwest,12/26/1990 19:00,44.6,0,611.5,226.4,1.82
Southwest,12/26/1990 20:00,47,0,612.8,229.8,1.78
Southwest,12/26/1990 21:00,48.4,0,546.2,232.5,1.78
Southwest,12/26/1990 22:00,48.8,0,420.3,234.3,1.76
Southwest,12/26/1990 23:00,48.1,0,252.7,233.9,1.83
Southwest,6/24/1994 0:00,101.5,0,525.8,380.4,5.31
Southwest,6/24/1994 1:00,100.2,0,309.6,380.4,5.63
Southwest,6/24/1994 2:00,96.5,0,102.2,378.4,5.01
Southwest,6/24/1994 3:00,90.2,0,3.1,371.8,4.06
Southwest,6/24/1994 4:00,86.8,0,0,365.5,3.61
Southwest,6/24/1994 5:00,84.6,0,0,360.7,2.99
Southwest,6/24/1994 6:00,82.8,0,0,357.1,2.53
Southwest,6/24/1994 7:00,81,0,0,353.8,2.3
Southwest,6/24/1994 8:00,79.4,0,0,350.5,1.92
Southwest,6/24/1994 9:00,77.8,0,0,347.6,1.49
Southwest,6/24/1994 10:00,76.4,0,0,345.2,1.21
Southwest,6/24/1994 11:00,75.4,0,0,342.8,1.04
Southwest,6/24/1994 12:00,74.4,0,0.1,340.4,1.17
Southwest,6/24/1994 13:00,75.8,0,82.2,338.1,1.18
Southwest,6/24/1994 14:00,81.8,0,287.9,341,0.84
Southwest,6/24/1994 15:00,87.4,0,506,348,0.86
Southwest,6/24/1994 16:00,92.2,0,708.6,354.7,1.31
Southwest,6/24/1994 17:00,96.4,0,877.8,361.3,1.91
Southwest,6/24/1994 18:00,99.9,0,999.8,367.8,2.47
Southwest,6/24/1994 19:00,102.6,0,1065.5,373.4,3.3
Southwest,6/24/1994 20:00,104.5,0,1069.6,377,3.9
Southwest,6/24/1994 21:00,105.8,0,1011.5,379.5,4.23
Southwest,6/24/1994 22:00,106.5,0,895.7,381.2,4.57
Southwest,6/24/1994 23:00,106.5,0,732.6,381.2,4.91
Southwest,6/25/1994 0:00,106,0,532.1,381.2,5.28
Southwest,6/25/1994 1:00,104.3,0,313.7,380.4,5.5
Southwest,6/25/1994 2:00,100,0,103.4,377.6,4.67
Southwest,6/25/1994 3:00,93,0,2.7,370.2,3.88
Southwest,6/25/1994 4:00,89.6,0,0,363.5,3.28
Southwest,6/25/1994 5:00,87.1,0,0,359.1,2.74
Southwest,6/25/1994 6:00,85.1,0,0,356,2.26
Southwest,6/25/1994 7:00,83.2,0,0,352.7,2.06
Southwest,6/25/1994 8:00,81.5,0,0,349.1,1.83
Southwest,6/25/1994 9:00,79.9,0,0,345.8,1.62
Southwest,6/25/1994 10:00,78.4,0,0,343.1,1.37
Southwest,6/25/1994 11:00,77.4,0,0,341.1,1
Southwest,6/25/1994 12:00,76.4,0,0.1,339.7,1.05
Southwest,6/25/1994 13:00,77.8,0,82,338.6,1.44
Southwest,6/25/1994 14:00,84.2,0,288,342.6,1.62
Southwest,6/25/1994 15:00,90.2,0,505.9,350.9,1.79
Southwest,6/25/1994 16:00,95.2,0,708.4,358.6,2.13
Southwest,6/25/1994 17:00,99.4,0,877.4,366.5,2.22
Southwest,6/25/1994 18:00,102.8,0,999.2,373.5,1.99
Southwest,6/25/1994 19:00,105.2,0,1064,378.8,3.04
Southwest,6/25/1994 20:00,106.9,0,1067.4,382.6,4.34
Southwest,6/25/1994 21:00,107.8,0,1008.6,385.8,5.37
Southwest,6/25/1994 22:00,108.2,0,891.9,388.2,5.98
Southwest,6/25/1994 23:00,107.9,0,727.9,389.3,6.31
Southwest,6/26/1994 0:00,106.9,0,529,388.9,6.49
Southwest,6/26/1994 1:00,105,0,312.4,387.5,6.47
Southwest,6/26/1994 2:00,100.9,0,103.5,384.5,5.49
Southwest,6/26/1994 3:00,94,0,3.1,376.4,4.06
Southwest,6/26/1994 4:00,90.2,0,0,369.2,3.49
Southwest,6/26/1994 5:00,87.7,0,0,363.9,3.08
Southwest,6/26/1994 6:00,85.4,0,0,360.1,2.6
Southwest,6/26/1994 7:00,83.5,0,0,356.5,2.15
Southwest,6/26/1994 8:00,81.8,0,0,353.6,1.68
Southwest,6/26/1994 9:00,80.3,0,0,351,1.33
Southwest,6/26/1994 10:00,78.9,0,0,348.9,1.28
Southwest,6/26/1994 11:00,77.7,0,0,346.8,1.41
Southwest,6/26/1994 12:00,76.6,0,0.1,344.5,1.71
Southwest,6/26/1994 13:00,77.7,0,80.1,342.7,1.75
Southwest,6/26/1994 14:00,83.8,0,284.4,346.5,2.02
Southwest,6/26/1994 15:00,89,0,500.8,354.1,3.03
Southwest,6/26/1994 16:00,93.2,0,701.9,361.3,3.75
Southwest,6/26/1994 17:00,97,0,869.5,368.4,4.27
Southwest,6/26/1994 18:00,100.2,0,990.2,375.5,4.63
Southwest,6/26/1994 19:00,103.1,0,1054.7,381.7,4.93
Southwest,6/26/1994 20:00,105.3,0,1058.2,386.4,5.07
Southwest,6/26/1994 21:00,106.7,0,1000.2,389.6,5.17
Southwest,6/26/1994 22:00,107.4,0,884.5,391.7,5.24
Southwest,6/26/1994 23:00,107.3,0,721.4,392.4,5.49
Southwest,6/27/1994 0:00,106.4,0,523.2,392.5,5.97
Southwest,6/27/1994 1:00,104.6,0,308.3,391.1,6.33
Southwest,6/27/1994 2:00,100.2,0,101.5,388.3,5.72
Southwest,6/27/1994 3:00,93.6,0,3,379.5,4.5
Southwest,6/27/1994 4:00,89.7,0,0,371.8,3.89
Southwest,6/27/1994 5:00,86.8,0,0,366.5,3.44
Southwest,6/27/1994 6:00,84.3,0,0,362.5,3.2
Southwest,6/27/1994 7:00,82.2,0,0,358.8,3.02
Southwest,6/27/1994 8:00,80.4,0,0,355.2,2.94
Southwest,6/27/1994 9:00,78.5,0,0,352.5,2.73
Southwest,6/27/1994 10:00,77.1,0,0,350,2.44
Southwest,6/27/1994 11:00,75.8,0,0,347.7,2.22
Southwest,6/27/1994 12:00,74.8,0,0.1,346.2,2
Southwest,6/27/1994 13:00,76,0,76.2,344.8,2.04
Southwest,6/27/1994 14:00,81.7,0,275.8,349.5,2.21
Southwest,6/27/1994 15:00,86.7,0,489.8,356.9,2.57
Southwest,6/27/1994 16:00,91.3,0,687.2,364.3,2.83
Southwest,6/27/1994 17:00,94.7,0,839.4,373.2,3.3
Southwest,6/27/1994 18:00,97.9,0,951.7,380.5,3.76
Southwest,6/27/1994 19:00,100.8,0,1028.8,384.6,4.12
Southwest,6/27/1994 20:00,103.1,0,1043.2,387.9,4.24
Southwest,6/27/1994 21:00,105.1,0,984.8,391.7,4.4
Southwest,6/27/1994 22:00,106.1,0,870.9,393.9,4.41
Southwest,6/27/1994 23:00,106.3,0,709.1,394.8,4.28
Southwest,6/28/1994 0:00,105.8,0,512.2,394.7,4.23
Southwest,6/28/1994 1:00,104.2,0,299,394.1,4.43
Southwest,6/28/1994 2:00,100,0,99.4,391.1,4.41
Southwest,6/28/1994 3:00,93.6,0,3,382.7,4.37
Southwest,6/28/1994 4:00,89.7,0,0,374.5,4.23
Southwest,6/28/1994 5:00,87,0,0,368.6,4.03
Southwest,6/28/1994 6:00,84.5,0,0,364.9,3.65
Southwest,6/28/1994 7:00,82.7,0,0,362.9,2.99
Southwest,6/28/1994 8:00,80.9,0,0,360.1,2.5
Southwest,6/28/1994 9:00,79.4,0,0,357.1,1.78
Southwest,6/28/1994 10:00,78.1,0,0,354.8,1.64
Southwest,6/28/1994 11:00,77,0,0,352.1,1.7
Southwest,6/28/1994 12:00,75.9,0,0.1,349.4,1.69
Southwest,6/28/1994 13:00,77,0,74.4,347.5,1.67
Southwest,6/28/1994 14:00,83.1,0,274.8,351.1,1.65
Southwest,6/28/1994 15:00,89,0,488.8,359.2,1.5
Southwest,6/28/1994 16:00,93.9,0,687.3,367,1.5
Southwest,6/28/1994 17:00,97.4,0,847.9,374.7,1.95
Southwest,6/28/1994 18:00,100.5,0,951.9,382.9,2.42
Southwest,6/28/1994 19:00,103.2,0,1023.5,388.1,2.81
Southwest,6/28/1994 20:00,105.5,0,1038.1,391.9,3.06
Southwest,6/28/1994 21:00,107.6,0,974.3,396.7,3.5
Southwest,6/28/1994 22:00,108.6,0,843.7,400.4,3.77
Southwest,6/28/1994 23:00,108.4,0,681.7,400.6,3.79
Southwest,6/29/1994 0:00,107.6,0,495.2,398.9,4.03
Southwest,6/29/1994 1:00,105.9,0,292.6,397.2,4.39
Southwest,6/29/1994 2:00,101.8,0,99.9,393.3,3.82
Southwest,6/29/1994 3:00,95.3,0,3.1,384.1,3.03
Southwest,6/29/1994 4:00,91.7,0,0,376.6,2.43
Southwest,6/29/1994 5:00,89.1,0,0,371.9,2.08
Southwest,6/29/1994 6:00,86.8,0,0,366.6,1.85
Southwest,6/29/1994 7:00,84.7,0,0,362.5,1.84
Southwest,6/29/1994 8:00,83.2,0,0,359.8,1.73
Southwest,6/29/1994 9:00,81.6,0,0,357.1,1.54
Southwest,6/29/1994 10:00,80.5,0,0,353.7,1.24
Southwest,6/29/1994 11:00,79.4,0,0,351.5,1.24
Southwest,6/29/1994 12:00,78.1,0,0.1,349.6,1.57
Southwest,6/29/1994 13:00,78.9,0,69.9,347.4,1.93
Southwest,6/29/1994 14:00,84.6,0,267.8,349.9,2.03
Southwest,6/29/1994 15:00,90.1,0,483.2,357,2.35
Southwest,6/29/1994 16:00,94.5,0,684.5,363.9,2.54
Southwest,6/29/1994 17:00,98.1,0,846.7,371.8,2.72
Southwest,6/29/1994 18:00,101.2,0,977.4,377.5,3
Southwest,6/29/1994 19:00,103.9,0,1041.7,383.1,3.4
Southwest,6/29/1994 20:00,105.8,0,1041.9,387.7,3.9
Southwest,6/29/1994 21:00,107.3,0,977.6,391.2,4.31
Southwest,6/29/1994 22:00,107.9,0,857,393.7,4.63
Southwest,6/29/1994 23:00,107.3,0,686.1,395.4,5.02
Southwest,6/30/1994 0:00,106.2,0,484.5,396,5.36
Southwest,6/30/1994 1:00,103.9,0,285.3,393.8,5.56
Southwest,6/30/1994 2:00,99.7,0,96.1,389.3,5.07
Southwest,6/30/1994 3:00,93.1,0,3.1,380.6,4.23
Southwest,6/30/1994 4:00,89.4,0,0,372.2,3.63
Southwest,6/30/1994 5:00,86.7,0,0,366.2,3.16
Southwest,6/30/1994 6:00,84.5,0,0,361,2.75
Southwest,6/30/1994 7:00,82.8,0,0,356.7,2.65
Southwest,6/30/1994 8:00,80.6,0,0,353,2.48
Southwest,6/30/1994 9:00,79,0,0,350,2.1
Southwest,6/30/1994 10:00,77.8,0,0,348,1.92
Southwest,6/30/1994 11:00,76.7,0,0,346.1,2.14
Southwest,6/30/1994 12:00,75.4,0,0.1,343.9,2.35
Southwest,6/30/1994 13:00,76.3,0,72.1,341.4,2.34
Southwest,6/30/1994 14:00,82.3,0,274.2,344.7,2.21
Southwest,6/30/1994 15:00,88,0,480,354.6,2.33
Southwest,6/30/1994 16:00,92.2,0,674.2,363.3,2.65
Southwest,6/30/1994 17:00,95.7,0,833.4,371.8,3.06
Southwest,6/30/1994 18:00,98.6,0,967.8,378,3.76
Southwest,6/30/1994 19:00,101.4,0,1035.1,383.3,4.51
Southwest,6/30/1994 20:00,103.2,0,1039,386.2,5.15
Southwest,6/30/1994 21:00,104.7,0,979.6,389.1,5.4
Southwest,6/30/1994 22:00,105.4,0,857.6,392.9,5.54
Southwest,6/30/1994 23:00,105,0,682.8,395.3,5.72
Southwest,7/26/1995 0:00,103.2,0,530.7,354.7,2.93
Southwest,7/26/1995 1:00,101.7,0,303.4,353.9,3.16
Southwest,7/26/1995 2:00,95.7,0,84.9,351.2,3.09
Southwest,7/26/1995 3:00,89.8,0,1.8,344.5,2.83
Southwest,7/26/1995 4:00,86.1,0,0,339.2,2.24
Southwest,7/26/1995 5:00,83.6,0,0,335.7,1.64
Southwest,7/26/1995 6:00,81.7,0,0,333.4,1.23
Southwest,7/26/1995 7:00,80.1,0,0,330.9,1.13
Southwest,7/26/1995 8:00,78.4,0,0,328.3,1.25
Southwest,7/26/1995 9:00,77.1,0,0,326.5,1.39
Southwest,7/26/1995 10:00,75.9,0,0,325.4,1.55
Southwest,7/26/1995 11:00,74.8,0,0,324.8,1.77
Southwest,7/26/1995 12:00,74,0,0,324.3,2.07
Southwest,7/26/1995 13:00,74.1,0,35.8,323.9,2.38
Southwest,7/26/1995 14:00,80,0,236.7,326.6,2.38
Southwest,7/26/1995 15:00,87.3,0,461.3,335.9,2.51
Southwest,7/26/1995 16:00,93.2,0,672.2,345.6,2.63
Southwest,7/26/1995 17:00,98.1,0,848.8,354.9,2.55
Southwest,7/26/1995 18:00,101.9,0,977.3,363.5,2.4
Southwest,7/26/1995 19:00,104.6,0,1048,370.3,1.81
Southwest,7/26/1995 20:00,106.1,0,1055.3,375.1,1.85
Southwest,7/26/1995 21:00,107,0,998.5,378.5,2.48
Southwest,7/26/1995 22:00,107.5,0,882.3,380.7,3.14
Southwest,7/26/1995 23:00,107.3,0,715.3,381.9,3.75
Southwest,7/27/1995 0:00,106.5,0,510.8,382.2,4.23
Southwest,7/27/1995 1:00,104.5,0,289,381.1,4.49
Southwest,7/27/1995 2:00,99.3,0,78.1,377.4,3.63
Southwest,7/27/1995 3:00,93,0,1.7,369.3,3.23
Southwest,7/27/1995 4:00,89.6,0,0,362.7,2.87
Southwest,7/27/1995 5:00,87.2,0,0,358.3,2.45
Southwest,7/27/1995 6:00,85.3,0,0,355,2.09
Southwest,7/27/1995 7:00,83.5,0,0,351.6,1.69
Southwest,7/27/1995 8:00,81.9,0,0,348.5,1.37
Southwest,7/27/1995 9:00,80.4,0,0,346,1.3
Southwest,7/27/1995 10:00,79.2,0,0,343.9,1.35
Southwest,7/27/1995 11:00,78.1,0,0,342.5,1.56
Southwest,7/27/1995 12:00,77,0,0,340.9,1.86
Southwest,7/27/1995 13:00,76.6,0,33.4,338.6,1.79
Southwest,7/27/1995 14:00,82.2,0,230.5,339.8,1.42
Southwest,7/27/1995 15:00,88.7,0,453.4,347.4,1.69
Southwest,7/27/1995 16:00,93.4,0,663.4,354.8,2.29
Southwest,7/27/1995 17:00,97.4,0,840,361.9,2.71
Southwest,7/27/1995 18:00,101,0,969,369.2,3.14
Southwest,7/27/1995 19:00,104,0,1040.5,375.7,3.43
Southwest,7/27/1995 20:00,106.2,0,1048.8,380.8,3.46
Southwest,7/27/1995 21:00,107.7,0,993.4,383.9,3.41
Southwest,7/27/1995 22:00,108.5,0,878,385.8,3.63
Southwest,7/27/1995 23:00,108.4,0,711.5,386.3,3.89
Southwest,7/28/1995 0:00,107.5,0,504.3,386.8,4.23
Southwest,7/28/1995 1:00,105.9,0,283.4,386,4.66
Southwest,7/28/1995 2:00,100.1,0,76,382.1,3.99
Southwest,7/28/1995 3:00,93.6,0,1.5,373.3,3.49
Southwest,7/28/1995 4:00,89.9,0,0,366.7,3.1
Southwest,7/28/1995 5:00,87.4,0,0,362.2,2.8
Southwest,7/28/1995 6:00,85.3,0,0,358.6,2.34
Southwest,7/28/1995 7:00,83.3,0,0,354.3,2.06
Southwest,7/28/1995 8:00,81.2,0,0,349.7,1.87
Southwest,7/28/1995 9:00,79.7,0,0,345.9,1.72
Southwest,7/28/1995 10:00,78.4,0,0,343.1,1.58
Southwest,7/28/1995 11:00,77.2,0,0,340.7,1.32
Southwest,7/28/1995 12:00,76.1,0,0,338.8,1.26
Southwest,7/28/1995 13:00,76.2,0,31.6,336.5,1.37
Southwest,7/28/1995 14:00,81.9,0,227.9,338,1.35
Southwest,7/28/1995 15:00,88.1,0,451.4,345.7,1.39
Southwest,7/28/1995 16:00,93.5,0,662.1,353.3,1.57
Southwest,7/28/1995 17:00,98.4,0,839.6,361.7,1.63
Southwest,7/28/1995 18:00,102.2,0,969.1,369.8,1.78
Southwest,7/28/1995 19:00,105.6,0,1038.8,377.9,1.95
Southwest,7/28/1995 20:00,108.2,0,1037.3,384.8,2.17
Southwest,7/28/1995 21:00,109.7,0,965.2,390.4,2.35
Southwest,7/28/1995 22:00,110.3,0,828.9,394.7,2.53
Southwest,7/28/1995 23:00,109.8,0,652,396.6,2.64
Southwest,7/29/1995 0:00,108.5,0,450.3,397.4,2.84
Southwest,7/29/1995 1:00,106.3,0,245.1,395.9,2.97
Southwest,7/29/1995 2:00,100.4,0,63.1,391.7,2.85
Southwest,7/29/1995 3:00,95.1,0,1.3,384.1,2.54
Southwest,7/29/1995 4:00,91.9,0,0,379.5,2.09
Southwest,7/29/1995 5:00,89.8,0,0,378.1,2.15
Southwest,7/29/1995 6:00,87.8,0,0,374.3,2.21
Southwest,7/29/1995 7:00,85.9,0,0,370.2,2.17
Southwest,7/29/1995 8:00,83.9,0,0,365.4,1.91
Southwest,7/29/1995 9:00,82.3,0,0,363.5,1.6
Southwest,7/29/1995 10:00,80.6,0,0,361.1,1.6
Southwest,7/29/1995 11:00,79.2,0,0,356.6,2.1
Southwest,7/29/1995 12:00,77.8,0,0,352.4,2.49
Southwest,7/29/1995 13:00,77.3,0,29.1,349,2.54
Southwest,7/29/1995 14:00,82.2,0,216,350.1,2.33
Southwest,7/29/1995 15:00,87.8,0,436.8,355.9,2.86
Southwest,7/29/1995 16:00,92,0,648.2,361.6,3.05
Southwest,7/29/1995 17:00,95.5,0,816.3,369.5,2.78
Southwest,7/29/1995 18:00,98.5,0,949.3,375.5,2.3
Southwest,7/29/1995 19:00,101,0,1019.8,380.8,2.05
Southwest,7/29/1995 20:00,103.1,0,1027.4,384.9,2.21
Southwest,7/29/1995 21:00,104.5,0,967.4,388.3,2.51
Southwest,7/29/1995 22:00,105.3,0,847.6,391.1,2.65
Southwest,7/29/1995 23:00,105.3,0,681.3,392.1,2.81
Southwest,7/13/2003 0:00,104,0,484,385.4,5.07
Southwest,7/13/2003 1:00,102.7,0,307.5,384.1,5.27
Southwest,7/13/2003 2:00,98.4,0,96.8,382,4.55
Southwest,7/13/2003 3:00,91.6,0,2.7,374.2,3.95
Southwest,7/13/2003 4:00,87.9,0,0,367.6,3.56
Southwest,7/13/2003 5:00,85.4,0,0,362.7,3.08
Southwest,7/13/2003 6:00,83.6,0,0,359.1,2.79
Southwest,7/13/2003 7:00,81.3,0,0,355.4,2.63
Southwest,7/13/2003 8:00,79.6,0,0,352.6,2.05
Southwest,7/13/2003 9:00,78.2,0,0,350.1,1.5
Southwest,7/13/2003 10:00,77,0,0,347.8,1.01
Southwest,7/13/2003 11:00,76,0,0,346.6,1.15
Southwest,7/13/2003 12:00,75.1,0,0,345.5,1.52
Southwest,7/13/2003 13:00,75.8,0,55.5,343.9,1.75
Southwest,7/13/2003 14:00,82.1,0,257,346.9,1.71
Southwest,7/13/2003 15:00,87.6,0,474.6,353.9,1.73
Southwest,7/13/2003 16:00,92.4,0,679.5,360.2,1.64
Southwest,7/13/2003 17:00,96.3,0,853.5,367.5,1.64
Southwest,7/13/2003 18:00,99.9,0,977.2,374.6,1.84
Southwest,7/13/2003 19:00,102.4,0,1044.3,380.5,2.66
Southwest,7/13/2003 20:00,104.5,0,1050,384.4,3.51
Southwest,7/13/2003 21:00,105.8,0,995,387.2,4.18
Southwest,7/13/2003 22:00,106.6,0,880.2,389.3,4.56
Southwest,7/13/2003 23:00,106.5,0,685.7,390.4,4.81
Southwest,7/14/2003 0:00,105.8,0,481.9,390.2,4.96
Southwest,7/14/2003 1:00,104,0,267.9,389.1,5.21
Southwest,7/14/2003 2:00,99.2,0,68.4,385.8,4.65
Southwest,7/14/2003 3:00,92.8,0,1.7,376.9,4.01
Southwest,7/14/2003 4:00,89.1,0,0,369.5,3.52
Southwest,7/14/2003 5:00,86.8,0,0,364.9,3.05
Southwest,7/14/2003 6:00,84.8,0,0,361.3,2.72
Southwest,7/14/2003 7:00,83.3,0,0,360.2,2.39
Southwest,7/14/2003 8:00,81.5,0,0,355.6,1.87
Southwest,7/14/2003 9:00,80,0,0,352.7,1.35
Southwest,7/14/2003 10:00,78.6,0,0,350.3,1.02
Southwest,7/14/2003 11:00,77.7,0,0,348.4,1.17
Southwest,7/14/2003 12:00,76.9,0,0.1,347.2,1.52
Southwest,7/14/2003 13:00,78.2,0,79.1,346.1,1.76
Southwest,7/14/2003 14:00,83.7,0,280.7,349.8,1.62
Southwest,7/14/2003 15:00,89.6,0,502,356,1.44
Southwest,7/14/2003 16:00,94,0,696.2,361.9,1.71
Southwest,7/14/2003 17:00,97.8,0,868.4,368.5,2.24
Southwest,7/14/2003 18:00,101.3,0,989.3,375.4,2.81
Southwest,7/14/2003 19:00,104.4,0,1048.5,381.2,3.51
Southwest,7/14/2003 20:00,106.5,0,1047.5,385.6,4.07
Southwest,7/14/2003 21:00,107.9,0,984.6,388.9,4.54
Southwest,7/14/2003 22:00,108.4,0,865.7,391,4.83
Southwest,7/14/2003 23:00,108.1,0,692.5,392.3,5
Southwest,7/15/2003 0:00,107.2,0,482.1,392.6,5.39
Southwest,7/15/2003 1:00,105.3,0,262.8,391.4,5.84
Southwest,7/15/2003 2:00,100.3,0,67.7,387.5,5.3
Southwest,7/15/2003 3:00,93.6,0,1.6,378.7,4.13
Southwest,7/15/2003 4:00,89.8,0,0,371.8,3.33
Southwest,7/15/2003 5:00,87.3,0,0,366.7,2.83
Southwest,7/15/2003 6:00,85.2,0,0,362.8,2.73
Southwest,7/15/2003 7:00,83.1,0,0,359.1,2.36
Southwest,7/15/2003 8:00,81.2,0,0,356.9,2.02
Southwest,7/15/2003 9:00,80,0,0,356.1,1.73
Southwest,7/15/2003 10:00,78.8,0,0,355.5,1.55
Southwest,7/15/2003 11:00,77.6,0,0,353.3,1.48
Southwest,7/15/2003 12:00,76.7,0,0,351.9,1.61
Southwest,7/15/2003 13:00,77.2,0,51.1,351.6,1.94
Southwest,7/15/2003 14:00,82.8,0,242,352.9,1.86
Southwest,7/15/2003 15:00,88.6,0,468.4,358.6,2.04
Southwest,7/15/2003 16:00,93.4,0,672.5,364.8,2.21
Southwest,7/15/2003 17:00,97.3,0,842.4,371.6,2.31
Southwest,7/15/2003 18:00,100.5,0,968.8,378.6,2.45
Southwest,7/15/2003 19:00,103.3,0,1031.8,385.9,2.78
Southwest,7/15/2003 20:00,105.3,0,1028.8,391.9,3.26
Southwest,7/15/2003 21:00,106.7,0,970.6,395,3.48
Southwest,7/15/2003 22:00,107,0,855.8,396.3,3.34
Southwest,7/15/2003 23:00,106.9,0,689.9,396.8,3.5
Southwest,12/28/2003 0:00,42.4,0,60.9,219.5,6
Southwest,12/28/2003 1:00,38.2,0,0,215,4.68
Southwest,12/28/2003 2:00,36,0,0,211.7,4.43
Southwest,12/28/2003 3:00,34.1,0,0,208.8,4.18
Southwest,12/28/2003 4:00,32.6,0,0,205.8,3.92
Southwest,12/28/2003 5:00,31.3,0,0,203.8,3.63
Southwest,12/28/2003 6:00,30,0,0,202.4,3.4
Southwest,12/28/2003 7:00,29.3,0,0,201.3,3.26
Southwest,12/28/2003 8:00,28.4,0,0,200.3,3.06
Southwest,12/28/2003 9:00,27.7,0,0,199.1,2.85
Southwest,12/28/2003 10:00,27.1,0,0,198.2,2.63
Southwest,12/28/2003 11:00,26.4,0,0,197.5,2.51
Southwest,12/28/2003 12:00,25.8,0,0,196.9,2.26
Southwest,12/28/2003 13:00,25.4,0,0,195.5,2.05
Southwest,12/28/2003 14:00,24.7,0,0,194.5,1.77
Southwest,12/28/2003 15:00,25.7,0,64.9,194.1,1.56
Southwest,12/28/2003 16:00,30.2,0,258.3,195.7,1.4
Southwest,12/28/2003 17:00,34.5,0,433.7,198.8,1.7
Southwest,12/28/2003 18:00,37.6,0,566.5,202.1,2.07
Southwest,12/28/2003 19:00,40.1,0,631.5,205,2.51
Southwest,12/28/2003 20:00,41.8,0,627.9,207.7,2.93
Southwest,12/28/2003 21:00,43,0,553.5,210.3,3.21
Southwest,12/28/2003 22:00,43.3,0,420.8,212.3,3.3
Southwest,12/28/2003 23:00,42.6,0,240.6,213.5,3.09
Southwest,7/16/2005 0:00,103.3,0,479.7,399.7,5.07
Southwest,7/16/2005 1:00,101.3,0,275.2,398.5,5.46
Southwest,7/16/2005 2:00,97.2,0,80.4,394.7,5.05
Southwest,7/16/2005 3:00,91.4,0,1.9,387.1,4.52
Southwest,7/16/2005 4:00,88.4,0,0,380.5,4.09
Southwest,7/16/2005 5:00,86.1,0,0,376.7,3.77
Southwest,7/16/2005 6:00,83.9,0,0,373.4,3.52
Southwest,7/16/2005 7:00,82.4,0,0,374.6,2.97
Southwest,7/16/2005 8:00,81,0,0,372.5,2.39
Southwest,7/16/2005 9:00,79.3,0,0,367,1.79
Southwest,7/16/2005 10:00,78.1,0,0,363.5,1.48
Southwest,7/16/2005 11:00,76.9,0,0,360.4,1.61
Southwest,7/16/2005 12:00,76.1,0,0.1,358.3,1.84
Southwest,7/16/2005 13:00,76.6,0,46.6,357.3,2.1
Southwest,7/16/2005 14:00,82,0,238.9,361,2.11
Southwest,7/16/2005 15:00,87.4,0,456.8,369.4,2.19
Southwest,7/16/2005 16:00,91.8,0,661.1,376.5,2.09
Southwest,7/16/2005 17:00,95.2,0,832.4,383.3,2.32
Southwest,7/16/2005 18:00,97.9,0,953.4,389.6,2.69
Southwest,7/16/2005 19:00,100.6,0,1018.1,394.9,3.25
Southwest,7/16/2005 20:00,102.6,0,1022.9,399.1,3.79
Southwest,7/16/2005 21:00,104.3,0,962.9,402.2,4.19
Southwest,7/16/2005 22:00,105,0,845.6,404.2,4.35
Southwest,7/16/2005 23:00,105.2,0,684.5,405.3,4.46
Southwest,7/17/2005 0:00,104.7,0,483.4,406.5,4.66
Southwest,7/17/2005 1:00,103.2,0,273.8,406.8,4.84
Southwest,7/17/2005 2:00,99.1,0,77.2,405.6,4.36
Southwest,7/17/2005 3:00,93.4,0,1.8,398.5,3.96
Southwest,7/17/2005 4:00,90.3,0,0,391.9,3.81
Southwest,7/17/2005 5:00,87.9,0,0,388.5,3.81
Southwest,7/17/2005 6:00,85.6,0,0,382.6,3.63
Southwest,7/17/2005 7:00,83.9,0,0,379,3.16
Southwest,7/17/2005 8:00,82.1,0,0,373.9,2.63
Southwest,7/17/2005 9:00,80.6,0,0,371.1,2.2
Southwest,7/17/2005 10:00,79.3,0,0,367.9,1.81
Southwest,7/17/2005 11:00,78.1,0,0,364.9,1.86
Southwest,7/17/2005 12:00,77.1,0,0.1,362.8,2.15
Southwest,7/17/2005 13:00,78.2,0,74.4,360.6,2.1
Southwest,7/17/2005 14:00,83.1,0,233.5,363.4,1.76
Southwest,7/17/2005 15:00,89,0,448.8,371.4,1.6
Southwest,7/17/2005 16:00,93.6,0,659.1,378.1,1.74
Southwest,7/17/2005 17:00,97.3,0,834.2,385,1.82
Southwest,7/17/2005 18:00,100.4,0,963.4,391.1,2.71
Southwest,7/17/2005 19:00,102.9,0,1020.3,396.9,3.74
Southwest,7/17/2005 20:00,105.2,0,1013.3,401.9,4.65
Southwest,7/17/2005 21:00,106.7,0,931,407.3,5.12
Southwest,7/17/2005 22:00,107.5,0,803.1,411.3,5.1
Southwest,7/17/2005 23:00,107.2,0,632,413.2,4.91
Southwest,7/18/2005 0:00,106.5,0,436.4,414.7,4.78
Southwest,7/18/2005 1:00,104.6,0,227.9,417.5,4.82
Southwest,7/18/2005 2:00,100.3,0,58.2,417.2,3.97
Southwest,7/18/2005 3:00,95.2,0,1.6,410.2,3.23
Southwest,7/18/2005 4:00,92.2,0,0,404.6,2.92
Southwest,7/18/2005 5:00,89.7,0,0,395.2,2.79
Southwest,7/18/2005 6:00,87.3,0,0,389.3,2.97
Southwest,7/18/2005 7:00,85.2,0,0,383.1,3.36
Southwest,7/18/2005 8:00,83.1,0,0,377.1,3.33
Southwest,7/18/2005 9:00,81.3,0,0,370.1,3.13
Southwest,7/18/2005 10:00,79.9,0,0,366.3,2.99
Southwest,7/18/2005 11:00,78.7,0,0,364.8,2.81
Southwest,7/18/2005 12:00,77.6,0,0,363.5,2.23
Southwest,7/18/2005 13:00,78.3,0,48.2,364.3,1.94
Southwest,7/18/2005 14:00,83.2,0,217.4,371.6,1.71
Southwest,7/18/2005 15:00,88,0,408.9,379.6,1.5
Southwest,7/18/2005 16:00,92.1,0,618,384.4,1.37
Southwest,7/18/2005 17:00,95.3,0,800.4,388.5,1.75
Southwest,7/18/2005 18:00,98.1,0,916.9,394.5,2.28
Southwest,7/18/2005 19:00,100.4,0,941.5,402.3,2.73
Southwest,7/18/2005 20:00,102,0,940.5,405.4,3.17
Southwest,7/18/2005 21:00,103.1,0,888.8,406.9,3.5
Southwest,7/18/2005 22:00,103.9,0,756.6,409.3,3.68
Southwest,7/18/2005 23:00,103.9,0,590,411.7,3.69
Southwest,1/14/2007 0:00,43,0,83.9,235,5.1
Southwest,1/14/2007 1:00,38.9,0,0.1,229.5,4.27
Southwest,1/14/2007 2:00,36.4,0,0,225.7,3.87
Southwest,1/14/2007 3:00,34.6,0,0,223.5,3.54
Southwest,1/14/2007 4:00,32.9,0,0,221.8,3.08
Southwest,1/14/2007 5:00,31.4,0,0,219.7,2.59
Southwest,1/14/2007 6:00,30.1,0,0,216.4,2.29
Southwest,1/14/2007 7:00,29.3,0,0,216.1,2.29
Southwest,1/14/2007 8:00,28.1,0,0,213.3,2.17
Southwest,1/14/2007 9:00,27.1,0,0,209.7,1.94
Southwest,1/14/2007 10:00,26.2,0,0,207.9,1.7
Southwest,1/14/2007 11:00,25.3,0,0,206.1,1.5
Southwest,1/14/2007 12:00,24.7,0,0,205.3,1.3
Southwest,1/14/2007 13:00,24.1,0,0,206.8,1.21
Southwest,1/14/2007 14:00,23.3,0,0,205.5,1.37
Southwest,1/14/2007 15:00,23.7,0,48.4,205.1,1.58
Southwest,1/14/2007 16:00,27.5,0,239.1,206.5,1.94
Southwest,1/14/2007 17:00,30.9,0,434.4,206.7,1.97
Southwest,1/14/2007 18:00,33.7,0,576.9,206.4,1.99
Southwest,1/14/2007 19:00,36,0,656.2,206.9,2.05
Southwest,1/14/2007 20:00,37.9,0,658.7,208.5,2.07
Southwest,1/14/2007 21:00,39.1,0,604.4,209.6,2.12
Southwest,1/14/2007 22:00,39.7,0,483.9,210.1,2.47
Southwest,1/14/2007 23:00,39.5,0,311,210.5,2.81
Southwest,1/15/2007 0:00,37.8,0,105.4,210.1,2.91
Southwest,1/15/2007 1:00,33.3,0,0.3,208.4,2.54
Southwest,1/15/2007 2:00,31.3,0,0,206.7,2.43
Southwest,1/15/2007 3:00,30.1,0,0,205.5,2.36
Southwest,1/15/2007 4:00,29,0,0,204.7,2.15
Southwest,1/15/2007 5:00,28.5,0,0,204,2.06
Southwest,1/15/2007 6:00,27.7,0,0,203.4,1.97
Southwest,1/15/2007 7:00,27.1,0,0,202.6,1.8
Southwest,1/15/2007 8:00,26.6,0,0,202.4,1.86
Southwest,1/15/2007 9:00,26.1,0,0,202.1,1.87
Southwest,1/15/2007 10:00,25.5,0,0,201.9,1.75
Southwest,1/15/2007 11:00,25,0,0,201.9,1.94
Southwest,1/15/2007 12:00,24.3,0,0,201.1,2.31
Southwest,1/15/2007 13:00,23.9,0,0,200.5,2.46
Southwest,1/15/2007 14:00,23.3,0,0,199.9,2.53
Southwest,1/15/2007 15:00,24.1,0,53.4,199.7,2.7
Southwest,1/15/2007 16:00,29,0,253.7,201.3,2.87
Southwest,1/15/2007 17:00,34.1,0,442.9,204.6,3.28
Southwest,1/15/2007 18:00,38,0,580.3,207.9,3.68
Southwest,1/15/2007 19:00,41.1,0,661,211.1,3.92
Southwest,1/15/2007 20:00,43.3,0,670.9,213.7,4.34
Southwest,1/15/2007 21:00,44.5,0,607.7,216.2,4.62
Southwest,1/15/2007 22:00,45.3,0,474.6,217.5,4.75
Southwest,1/15/2007 23:00,44.5,0,292.9,218,4.78
Southwest,1/16/2007 0:00,42.4,0,125.6,217.7,4.37
Southwest,1/16/2007 1:00,37.2,0,0.7,215,3.93
Southwest,1/16/2007 2:00,35.1,0,0,212.5,4.29
Southwest,1/16/2007 3:00,33.2,0,0,210.8,4.61
Southwest,1/16/2007 4:00,32,0,0,209.5,4.79
Southwest,1/16/2007 5:00,30.8,0,0,208.1,4.62
Southwest,1/16/2007 6:00,30.1,0,0,207.6,4.62
Southwest,1/16/2007 7:00,29.5,0,0,207.7,4.66
Southwest,1/16/2007 8:00,28.9,0,0,207.7,4.83
Southwest,1/16/2007 9:00,28.4,0,0,206.6,4.84
Southwest,1/16/2007 10:00,28,0,0,206.3,4.82
Southwest,1/16/2007 11:00,27.4,0,0,206.2,4.76
Southwest,1/16/2007 12:00,27.1,0,0,205.8,4.6
Southwest,1/16/2007 13:00,26.4,0,0,205.4,4.44
Southwest,1/16/2007 14:00,25.8,0,0,205.3,4.24
Southwest,1/16/2007 15:00,27.1,0,81.8,205.5,4.27
Southwest,1/16/2007 16:00,31.9,0,248,208,4.43
Southwest,1/16/2007 17:00,37.4,0,442.3,212.7,5.02
Southwest,1/16/2007 18:00,41.6,0,581.2,217.5,5.5
Southwest,1/16/2007 19:00,44.6,0,657.3,222.3,6.05
Southwest,1/16/2007 20:00,46.8,0,665.2,225.6,6.43
Southwest,1/16/2007 21:00,48,0,604.3,228.1,6.41
Southwest,1/16/2007 22:00,48.4,0,480.5,230,6.22
Southwest,1/16/2007 23:00,47.8,0,305.6,231.2,5.87
Southwest,1/1/2011 0:00,36,0,57.2,217.8,4.68
Southwest,1/1/2011 1:00,32.4,0,0,213.4,3.58
Southwest,1/1/2011 2:00,30.3,0,0,210.3,3.31
Southwest,1/1/2011 3:00,28.9,0,0,209,2.9
Southwest,1/1/2011 4:00,27.7,0,0,209.2,2.45
Southwest,1/1/2011 5:00,27,0,0,205.3,2.05
Southwest,1/1/2011 6:00,26.5,0,0,200.9,1.76
Southwest,1/1/2011 7:00,26,0,0,202.4,1.68
Southwest,1/1/2011 8:00,25.6,0,0,204.8,1.88
Southwest,1/1/2011 9:00,25.3,0,0,207.6,1.99
Southwest,1/1/2011 10:00,24.9,0,0,206.1,2.05
Southwest,1/1/2011 11:00,24.5,0,0,203.3,2.16
Southwest,1/1/2011 12:00,24.3,0,0,202.4,2.28
Southwest,1/1/2011 13:00,23.8,0,0,202.7,2.45
Southwest,1/1/2011 14:00,23.2,0,0,198.7,2.56
Southwest,1/1/2011 15:00,24.1,0,70.4,196.6,2.61
Southwest,1/1/2011 16:00,28.1,0,269.6,198.3,2.55
Southwest,1/1/2011 17:00,31.7,0,439.1,201.5,2.68
Southwest,1/1/2011 18:00,34.5,0,563.3,204.5,2.66
Southwest,1/1/2011 19:00,36.8,0,621.8,207.8,2.71
Southwest,1/1/2011 20:00,38.2,0,619.7,210.3,2.77
Southwest,1/1/2011 21:00,39.3,0,536.5,213.6,2.9
Southwest,1/1/2011 22:00,39.7,0,429.6,215.4,3.09
Southwest,1/1/2011 23:00,39.2,0,252.6,216.8,3.16
Southwest,1/2/2011 0:00,36.2,0,51.3,217.4,2.89
Southwest,1/2/2011 1:00,33,0,0,216.7,2.75
Southwest,1/2/2011 2:00,31.4,0,0,215.7,2.83
Southwest,1/2/2011 3:00,30.2,0,0,214.5,2.92
Southwest,1/2/2011 4:00,29.4,0,0,214,3.02
Southwest,1/2/2011 5:00,28.4,0,0,213.3,3.02
Southwest,1/2/2011 6:00,27.8,0,0,212.9,2.91
Southwest,1/2/2011 7:00,27.5,0,0,213.4,2.77
Southwest,1/2/2011 8:00,27.2,0,0,213.5,2.84
Southwest,1/2/2011 9:00,26.8,0,0,213.7,2.94
Southwest,1/2/2011 10:00,26.7,0,0,213.7,2.91
Southwest,1/2/2011 11:00,26.5,0,0,214,2.8
Southwest,1/2/2011 12:00,26.3,0,0,214.4,2.68
Southwest,1/2/2011 13:00,26.3,0,0,214.4,2.72
Southwest,1/2/2011 14:00,25.8,0,0,214.6,2.88
Southwest,1/2/2011 15:00,27.3,0,69,215,2.93
Southwest,1/2/2011 16:00,31.9,0,263.9,217.4,2.99
Southwest,1/2/2011 17:00,36.6,0,426.7,221.5,3.17
Southwest,1/2/2011 18:00,40.6,0,549,225.8,3.08
Southwest,1/2/2011 19:00,43.8,0,608.2,231.6,2.95
Southwest,1/2/2011 20:00,46.1,0,588.2,239.3,2.88
Southwest,1/2/2011 21:00,47.6,0,496.2,248.8,2.68
Southwest,1/2/2011 22:00,48.3,0,360.1,253,2.57
Southwest,1/2/2011 23:00,47.7,0,218,254.5,2.44
Southwest,2/2/2011 0:00,46.9,0,158,242.2,8.42
Southwest,2/2/2011 1:00,42.7,0,2.2,237.6,7.17
Southwest,2/2/2011 2:00,39.6,0,0,231.5,6.69
Southwest,2/2/2011 3:00,37.1,0,0,224.7,6.84
Southwest,2/2/2011 4:00,34.9,0,0,218.2,7.27
Southwest,2/2/2011 5:00,32.8,0,0,213,7.2
Southwest,2/2/2011 6:00,30.5,0,0,206.4,6.87
Southwest,2/2/2011 7:00,28.4,0,0,200.6,6.45
Southwest,2/2/2011 8:00,26.6,0,0,196.8,6.21
Southwest,2/2/2011 9:00,25.1,0,0,193.5,6.16
Southwest,2/2/2011 10:00,23.8,0,0,190.9,6.11
Southwest,2/2/2011 11:00,22.6,0,0,188.9,6.01
Southwest,2/2/2011 12:00,21.7,0,0,187.2,5.99
Southwest,2/2/2011 13:00,20.5,0,0,186.3,5.87
Southwest,2/2/2011 14:00,19.5,0,0.3,184,5.68
Southwest,2/2/2011 15:00,20.4,0,110.6,181.8,5.99
Southwest,2/2/2011 16:00,23.5,0,324.8,181.9,6.93
Southwest,2/2/2011 17:00,26.3,0,485.3,183.5,7.47
Southwest,2/2/2011 18:00,29,0,627.5,187.4,7.51
Southwest,2/2/2011 19:00,30.9,0,706.6,192.3,7.29
Southwest,2/2/2011 20:00,32.3,0,714.9,196.1,7.37
Southwest,2/2/2011 21:00,33.3,0,656.7,199,7.53
Southwest,2/2/2011 22:00,33.6,0,532.8,200.3,7.67
Southwest,2/2/2011 23:00,32.9,0,356.6,200.2,7.66
Southwest,2/3/2011 0:00,31.2,0,146.2,198.2,7.46
Southwest,2/3/2011 1:00,28,0,2.1,196.1,6.64
Southwest,2/3/2011 2:00,26,0,0,193.7,6.43
Southwest,2/3/2011 3:00,24.5,0,0,191,6.47
Southwest,2/3/2011 4:00,23.2,0,0,189.4,6.42
Southwest,2/3/2011 5:00,22.3,0,0,186.7,6.29
Southwest,2/3/2011 6:00,21.4,0,0,185,6.08
Southwest,2/3/2011 7:00,20.5,0,0,184.8,5.85
Southwest,2/3/2011 8:00,19.7,0,0,183.4,5.6
Southwest,2/3/2011 9:00,19,0,0,181.4,5.37
Southwest,2/3/2011 10:00,18.3,0,0,179.9,5.37
Southwest,2/3/2011 11:00,17.7,0,0,178.9,5.25
Southwest,2/3/2011 12:00,17.1,0,0,178.4,4.95
Southwest,2/3/2011 13:00,16.5,0,0,178.5,4.56
Southwest,2/3/2011 14:00,15.9,0,0,178.3,4.08
Southwest,2/3/2011 15:00,17.8,0,106.6,177.7,3.87
Southwest,2/3/2011 16:00,22.6,0,331.8,179.8,4.33
Southwest,2/3/2011 17:00,26.4,0,530.7,183.1,4.9
Southwest,2/3/2011 18:00,29.5,0,651.1,186.4,5.22
Southwest,2/3/2011 19:00,32.2,0,742.2,189.9,5.13
Southwest,2/3/2011 20:00,34.4,0,756.8,193.4,4.94
Southwest,2/3/2011 21:00,36,0,693.9,197.6,4.56
Southwest,2/3/2011 22:00,37.1,0,560.1,201.7,4.24
Southwest,2/3/2011 23:00,37.5,0,379.7,204,3.74
Southwest,2/4/2011 0:00,36.6,0,166.2,205.6,3.07
Southwest,2/4/2011 1:00,32.1,0,2.2,206.2,1.65
Southwest,2/4/2011 2:00,30.3,0,0,206.6,1.3
Southwest,2/4/2011 3:00,29,0,0,207.4,1.39
Southwest,2/4/2011 4:00,28.2,0,0,208.2,1.18
Southwest,2/4/2011 5:00,27.5,0,0,208.6,0.81
Southwest,2/4/2011 6:00,27,0,0,208.7,0.78
Southwest,2/4/2011 7:00,26.4,0,0,209,0.97
Southwest,2/4/2011 8:00,26,0,0,209,1.34
Southwest,2/4/2011 9:00,25.4,0,0,208.5,1.54
Southwest,2/4/2011 10:00,24.7,0,0,208.2,1.65
Southwest,2/4/2011 11:00,24.2,0,0,208.1,1.77
Southwest,2/4/2011 12:00,23.9,0,0,207.7,1.81
Southwest,2/4/2011 13:00,23.5,0,0,207.9,1.85
Southwest,2/4/2011 14:00,23.2,0,0,208.1,1.9
Southwest,2/4/2011 15:00,25.1,0,99.6,208.1,1.85
Southwest,2/4/2011 16:00,30.2,0,304.6,210.9,1.8
Southwest,2/4/2011 17:00,34.9,0,497.8,214.6,1.76
Southwest,2/4/2011 18:00,39,0,638.6,219.1,1.57
Southwest,2/4/2011 19:00,42.3,0,725,223.9,1.33
Southwest,2/4/2011 20:00,45,0,739.2,228.4,1.54
Southwest,2/4/2011 21:00,46.9,0,677.1,231.8,1.91
Southwest,2/4/2011 22:00,48.5,0,575.7,234.6,2.32
Southwest,2/4/2011 23:00,48.8,0,370,237.8,2.61
Southwest,1/12/2013 0:00,41.6,0,80.9,221.4,4.31
Southwest,1/12/2013 1:00,37.1,0,0.5,218.8,3.09
Southwest,1/12/2013 2:00,35,0,0,215.7,2.7
Southwest,1/12/2013 3:00,33.6,0,0,213.7,2.29
Southwest,1/12/2013 4:00,32.6,0,0,212.1,1.87
Southwest,1/12/2013 5:00,31.6,0,0,210.7,1.52
Southwest,1/12/2013 6:00,30.9,0,0,209.5,1.31
Southwest,1/12/2013 7:00,30.1,0,0,208.3,1.38
Southwest,1/12/2013 8:00,29.4,0,0,211.6,1.44
Southwest,1/12/2013 9:00,28.7,0,0,211.4,1.26
Southwest,1/12/2013 10:00,28.1,0,0,208,1.1
Southwest,1/12/2013 11:00,27.7,0,0,206,1.04
Southwest,1/12/2013 12:00,27.2,0,0,204.4,1.08
Southwest,1/12/2013 13:00,26.8,0,0,207.6,1.15
Southwest,1/12/2013 14:00,26.4,0,0,206.8,1.07
Southwest,1/12/2013 15:00,27.3,0,70.9,205.4,1
Southwest,1/12/2013 16:00,31,0,234.2,205.3,0.98
Southwest,1/12/2013 17:00,34.9,0,429.1,208.3,1.09
Southwest,1/12/2013 18:00,37.8,0,578,210.5,1.68
Southwest,1/12/2013 19:00,39.9,0,648.8,213.1,2.47
Southwest,1/12/2013 20:00,41.4,0,650.8,214.9,3.09
Southwest,1/12/2013 21:00,42.2,0,587.4,215.2,3.77
Southwest,1/12/2013 22:00,42.1,0,451.3,216.1,4.39
Southwest,1/12/2013 23:00,41.7,0,298.8,216.3,4.68
Southwest,1/13/2013 0:00,39.5,0,95.8,215.5,4.29
Southwest,1/13/2013 1:00,34.8,0,0,211.2,3.11
Southwest,1/13/2013 2:00,33,0,0,209.4,2.56
Southwest,1/13/2013 3:00,31.6,0,0,207.4,2.27
Southwest,1/13/2013 4:00,30.6,0,0,205,1.92
Southwest,1/13/2013 5:00,29.5,0,0,202.4,1.53
Southwest,1/13/2013 6:00,28.7,0,0,200.6,1.23
Southwest,1/13/2013 7:00,28,0,0,199.2,1.15
Southwest,1/13/2013 8:00,27.2,0,0,198,1.21
Southwest,1/13/2013 9:00,26.6,0,0,197.2,1.37
Southwest,1/13/2013 10:00,26,0,0,196.4,1.49
Southwest,1/13/2013 11:00,25.6,0,0,195.7,1.6
Southwest,1/13/2013 12:00,25.1,0,0,195.1,1.65
Southwest,1/13/2013 13:00,24.4,0,0,194.3,1.72
Southwest,1/13/2013 14:00,23.8,0,0,193.5,1.77
Southwest,1/13/2013 15:00,24.5,0,59.9,193.2,1.86
Southwest,1/13/2013 16:00,28.8,0,272,194.8,1.52
Southwest,1/13/2013 17:00,33,0,459.6,198.4,1.5
Southwest,1/13/2013 18:00,36.3,0,577,201.1,1.33
Southwest,1/13/2013 19:00,38.5,0,658.5,204.1,0.84
Southwest,1/13/2013 20:00,39.8,0,663.4,205.9,1.49
Southwest,1/13/2013 21:00,40.7,0,609.7,207,1.97
Southwest,1/13/2013 22:00,41,0,480,208.2,2.23
Southwest,1/13/2013 23:00,40.6,0,292,208.4,2.51
Southwest,1/14/2013 0:00,38.7,0,115.6,208.2,2.65
Southwest,1/14/2013 1:00,33.9,0,0.3,206.6,2.36
Southwest,1/14/2013 2:00,32,0,0,204.5,2.2
Southwest,1/14/2013 3:00,30.4,0,0,203.8,2.02
Southwest,1/14/2013 4:00,29.4,0,0,204.5,1.99
Southwest,1/14/2013 5:00,28.3,0,0,203.2,2.02
Southwest,1/14/2013 6:00,27.7,0,0,201.2,2.05
Southwest,1/14/2013 7:00,27,0,0,200,2.04
Southwest,1/14/2013 8:00,26.1,0,0,199,1.98
Southwest,1/14/2013 9:00,25.5,0,0,198.3,1.92
Southwest,1/14/2013 10:00,24.9,0,0,197.8,1.88
Southwest,1/14/2013 11:00,24.3,0,0,196.8,1.7
Southwest,1/14/2013 12:00,23.7,0,0,196.4,1.65
Southwest,1/14/2013 13:00,23,0,0,195.4,1.67
Southwest,1/14/2013 14:00,22.1,0,0,193.9,1.62
Southwest,1/14/2013 15:00,22.9,0,77.2,192.5,1.45
Southwest,1/14/2013 16:00,26.6,0,244,193.4,1.56
Southwest,1/14/2013 17:00,30.4,0,448.1,196,2.06
Southwest,1/14/2013 18:00,33.1,0,588.1,198.4,2.56
Southwest,1/14/2013 19:00,35.2,0,663.4,201.3,2.97
Southwest,1/14/2013 20:00,36.6,0,667.5,203.1,3.37
Southwest,1/14/2013 21:00,37.7,0,601.9,205.3,3.78
Southwest,1/14/2013 22:00,38.1,0,464.6,207.3,4.1
Southwest,1/14/2013 23:00,38,0,317.4,208.6,4.19
Southwest,1/15/2013 0:00,35.8,0,104.3,209.3,3.87
Southwest,1/15/2013 1:00,31.5,0,0.1,208.1,3.2
Southwest,1/15/2013 2:00,29.4,0,0,206.2,3.18
Southwest,1/15/2013 3:00,28.1,0,0,204.1,3.07
Southwest,1/15/2013 4:00,27,0,0,202.8,2.84
Southwest,1/15/2013 5:00,26.3,0,0,202.2,2.6
Southwest,1/15/2013 6:00,25.5,0,0,201.3,2.48
Southwest,1/15/2013 7:00,24.9,0,0,200,2.53
Southwest,1/15/2013 8:00,24.5,0,0,199.4,2.64
Southwest,1/15/2013 9:00,23.9,0,0,198.5,2.81
Southwest,1/15/2013 10:00,23.4,0,0,197.5,2.97
Southwest,1/15/2013 11:00,22.7,0,0,196.9,3
Southwest,1/15/2013 12:00,22.2,0,0,196.3,2.99
Southwest,1/15/2013 13:00,21.6,0,0,195.6,2.72
Southwest,1/15/2013 14:00,21.2,0,0,195.6,2.46
Southwest,1/15/2013 15:00,22,0,54.2,195.4,2.37
Southwest,1/15/2013 16:00,26.7,0,270.9,197.5,2.4
Southwest,1/15/2013 17:00,30.9,0,457.3,201.1,2.88
Southwest,1/15/2013 18:00,33.8,0,574.7,203.7,3.17
Southwest,1/15/2013 19:00,36.3,0,658.3,207.5,3.57
Southwest,1/15/2013 20:00,38.1,0,662.5,210.4,4.07
Southwest,1/15/2013 21:00,39.3,0,610.1,212.8,4.07
Southwest,1/15/2013 22:00,40.2,0,480.8,215.2,4.08
Southwest,1/15/2013 23:00,40,0,294.4,217.3,4
Southwest,1/16/2013 0:00,38.5,0,126.3,217.8,3.25
Southwest,1/16/2013 1:00,34.1,0,0.4,217.9,2.41
Southwest,1/16/2013 2:00,32.3,0,0,217.8,2.46
Southwest,1/16/2013 3:00,31.2,0,0,217.6,2.5
Southwest,1/16/2013 4:00,30.6,0,0,217.8,2.52
Southwest,1/16/2013 5:00,29.9,0,0,217.9,2.41
Southwest,1/16/2013 6:00,29.5,0,0,218.4,2.29
Southwest,1/16/2013 7:00,28.9,0,0,219.4,2.33
Southwest,1/16/2013 8:00,28.4,0,0,220,2.44
Southwest,1/16/2013 9:00,28,0,0,220.3,2.47
Southwest,1/16/2013 10:00,27.6,0,0,220.4,2.37
Southwest,1/16/2013 11:00,27.3,0,0,220.7,2.16
Southwest,1/16/2013 12:00,27.2,0,0,221,1.99
Southwest,1/16/2013 13:00,27.1,0,0,221.3,2.01
Southwest,1/16/2013 14:00,26.9,0,0,221.5,2.01
Southwest,1/16/2013 15:00,28.2,0,76.7,221.9,2.12
Southwest,1/16/2013 16:00,32.8,0,239.3,223.9,2.19
Southwest,1/16/2013 17:00,37.8,0,439.5,228.1,2.53
Southwest,1/16/2013 18:00,41.9,0,580.9,232.7,2.58
Southwest,1/16/2013 19:00,45.1,0,652.5,237.1,2.72
Southwest,1/16/2013 20:00,47.4,0,657.9,240.1,2.97
Southwest,1/16/2013 21:00,49.1,0,594.9,243.4,2.93
Southwest,1/16/2013 22:00,50.2,0,462.3,246,2.79
Southwest,1/16/2013 23:00,50.2,0,312.7,247.2,2.59
Southwest,6/28/2013 0:00,102.1,0,486.2,390.6,5.52
Southwest,6/28/2013 1:00,100.4,0,261,388.5,5.87
Southwest,6/28/2013 2:00,97,0,96.3,386.3,5.37
Southwest,6/28/2013 3:00,90.6,0,1.9,378.8,4.47
Southwest,6/28/2013 4:00,87.3,0,0,372.2,3.97
Southwest,6/28/2013 5:00,84.8,0,0,368.6,3.45
Southwest,6/28/2013 6:00,83,0,0,365,2.98
Southwest,6/28/2013 7:00,81.4,0,0,362.7,2.44
Southwest,6/28/2013 8:00,79.7,0,0,359.1,1.86
Southwest,6/28/2013 9:00,78.2,0,0,357.3,1.35
Southwest,6/28/2013 10:00,77.1,0,0,354.1,1.07
Southwest,6/28/2013 11:00,76.2,0,0,350.8,0.91
Southwest,6/28/2013 12:00,75.1,0,0.2,348,1.04
Southwest,6/28/2013 13:00,77.4,0,96.4,346.6,1.35
Southwest,6/28/2013 14:00,83.1,0,272,351,1.21
Southwest,6/28/2013 15:00,88.7,0,500.8,359.4,1.33
Southwest,6/28/2013 16:00,93.5,0,712,367,1.59
Southwest,6/28/2013 17:00,97.5,0,846.1,374.4,1.72
Southwest,6/28/2013 18:00,101,0,980,381.8,2.31
Southwest,6/28/2013 19:00,103.1,0,1032.2,389,3.34
Southwest,6/28/2013 20:00,105.3,0,1019.5,394,4.09
Southwest,6/28/2013 21:00,106.5,0,945.8,398.8,4.28
Southwest,6/28/2013 22:00,107.2,0,816.1,403.7,3.83
Southwest,6/28/2013 23:00,106.9,0,639.3,406.1,3.16
Southwest,6/29/2013 0:00,106.4,0,472.4,408,3.19
Southwest,6/29/2013 1:00,104.3,0,254,407,3.47
Southwest,6/29/2013 2:00,99.5,0,65.4,402.5,3.05
Southwest,6/29/2013 3:00,93.9,0,2.9,395.8,2.41
Southwest,6/29/2013 4:00,90.7,0,0,387.8,1.99
Southwest,6/29/2013 5:00,88.2,0,0,385.1,1.89
Southwest,6/29/2013 6:00,86.7,0,0,385.3,1.82
Southwest,6/29/2013 7:00,84.9,0,0,382.3,1.74
Southwest,6/29/2013 8:00,83.5,0,0,378.4,1.4
Southwest,6/29/2013 9:00,82.3,0,0,376.1,1.1
Southwest,6/29/2013 10:00,81.4,0,0,375.6,1.35
Southwest,6/29/2013 11:00,80.4,0,0,372.5,1.92
Southwest,6/29/2013 12:00,79.6,0,0.7,370.2,2.28
Southwest,6/29/2013 13:00,80.9,0,67.2,368.3,2.32
Southwest,6/29/2013 14:00,86.2,0,249.4,375,2.09
Southwest,6/29/2013 15:00,92,0,461.9,382.8,2.16
Southwest,6/29/2013 16:00,96.7,0,639.7,387,2.24
Southwest,6/29/2013 17:00,100,0,812.5,394.2,2.77
Southwest,6/29/2013 18:00,102.9,0,920.3,401.1,3.41
Southwest,6/29/2013 19:00,105.1,0,963.1,405.2,3.51
Southwest,6/29/2013 20:00,106.4,0,972.9,408.1,3.45
Southwest,6/29/2013 21:00,107.3,0,917.9,409.7,3.19
Southwest,6/29/2013 22:00,107.5,0,830.4,409.6,3.03
Southwest,6/29/2013 23:00,107.3,0,657.3,409.9,3.14
Southwest,6/19/2016 0:00,102.1,0,509.6,365.1,3.8
Southwest,6/19/2016 1:00,100.7,0,275.7,365.5,4.34
Southwest,6/19/2016 2:00,96.1,0,89.4,364.4,3.9
Southwest,6/19/2016 3:00,89.9,0,2.1,358.8,3.6
Southwest,6/19/2016 4:00,86.7,0,0,353.9,3.27
Southwest,6/19/2016 5:00,84.5,0,0,351.4,2.89
Southwest,6/19/2016 6:00,83,0,0,350.8,2.66
Southwest,6/19/2016 7:00,81.2,0,0,348.7,2.53
Southwest,6/19/2016 8:00,79.5,0,0,345.9,2.34
Southwest,6/19/2016 9:00,78.2,0,0,343.5,2.19
Southwest,6/19/2016 10:00,77.1,0,0,341.8,2.14
Southwest,6/19/2016 11:00,75.9,0,0,341.1,2.16
Southwest,6/19/2016 12:00,75.1,0,0.3,339.4,2.3
Southwest,6/19/2016 13:00,77,0,104.8,337.5,2.39
Southwest,6/19/2016 14:00,82.8,0,287,339.8,2.11
Southwest,6/19/2016 15:00,89.4,0,521.2,348.4,2.17
Southwest,6/19/2016 16:00,94.4,0,728.7,356.5,2.13
Southwest,6/19/2016 17:00,98.6,0,874.2,362.9,2.14
Southwest,6/19/2016 18:00,102,0,1004.7,370,2.14
Southwest,6/19/2016 19:00,104.5,0,1070.7,376,2.15
Southwest,6/19/2016 20:00,106.2,0,1065.6,380.3,2.4
Southwest,6/19/2016 21:00,107.4,0,1010.2,382.6,2.63
Southwest,6/19/2016 22:00,108,0,882.5,384,2.71
Southwest,6/19/2016 23:00,108.1,0,702.5,383.7,3.01
Southwest,6/20/2016 0:00,107.6,0,534,383.2,3.45
Southwest,6/20/2016 1:00,106.1,0,301,382.5,3.95
Southwest,6/20/2016 2:00,100.9,0,80.2,379.7,3.78
Southwest,6/20/2016 3:00,94.8,0,2.8,373.8,3.76
Southwest,6/20/2016 4:00,91.4,0,0,367.3,3.65
Southwest,6/20/2016 5:00,88.8,0,0,362.9,3.43
Southwest,6/20/2016 6:00,86.8,0,0,360.2,3.19
Southwest,6/20/2016 7:00,84.8,0,0,356.8,3.1
Southwest,6/20/2016 8:00,82.7,0,0,353,3.08
Southwest,6/20/2016 9:00,80.9,0,0,350.3,2.85
Southwest,6/20/2016 10:00,79.2,0,0,348.1,2.11
Southwest,6/20/2016 11:00,77.6,0,0,345,1.98
Southwest,6/20/2016 12:00,76,0,1.2,342.3,2.45
Southwest,6/20/2016 13:00,77.2,0,87.1,340.2,2.67
Southwest,6/20/2016 14:00,83.2,0,306.5,344.9,3.25
Southwest,6/20/2016 15:00,88.3,0,536.3,351.9,3.89
Southwest,6/20/2016 16:00,92.1,0,700.9,357.6,4.1
Southwest,6/20/2016 17:00,95.4,0,881.2,363.9,4.02
Southwest,6/20/2016 18:00,98.3,0,1004.3,370.2,3.96
Southwest,6/20/2016 19:00,100.5,0,1057,374.8,4.13
Southwest,6/20/2016 20:00,102.3,0,1058,379.9,4.23
Southwest,6/20/2016 21:00,103.7,0,989,384,4.43
Southwest,6/20/2016 22:00,104.6,0,885.2,386.6,4.67
Southwest,6/20/2016 23:00,104.4,0,708.2,388.3,5.02
Southwest,6/19/2017 0:00,104,0,524.9,371.6,5.54
Southwest,6/19/2017 1:00,102.2,0,291.1,371.2,5.83
Southwest,6/19/2017 2:00,97.1,0,72.6,368.1,4.95
Southwest,6/19/2017 3:00,90.8,0,2.3,362.1,4.21
Southwest,6/19/2017 4:00,87.1,0,0,355,3.38
Southwest,6/19/2017 5:00,84.8,0,0,350.9,2.79
Southwest,6/19/2017 6:00,82.5,0,0,347.7,2.54
Southwest,6/19/2017 7:00,80.7,0,0,343.9,2.12
Southwest,6/19/2017 8:00,78.8,0,0,340.6,1.92
Southwest,6/19/2017 9:00,77.2,0,0,338.4,1.92
Southwest,6/19/2017 10:00,75.7,0,0,336.4,1.82
Southwest,6/19/2017 11:00,74.5,0,0,334.1,1.78
Southwest,6/19/2017 12:00,73.6,0,0.1,332.3,1.88
Southwest,6/19/2017 13:00,75,0,95.4,330.7,1.93
Southwest,6/19/2017 14:00,80.9,0,319.3,334.7,2.02
Southwest,6/19/2017 15:00,86.6,0,508.6,340.6,1.84
Southwest,6/19/2017 16:00,91.6,0,723.6,347.6,1.58
Southwest,6/19/2017 17:00,95.5,0,899.3,355,1.55
Southwest,6/19/2017 18:00,99.2,0,998.6,360.7,1.6
Southwest,6/19/2017 19:00,102,0,1067.8,367.5,2.08
Southwest,6/19/2017 20:00,104.3,0,1065,373.8,2.55
Southwest,6/19/2017 21:00,106,0,990.7,378.8,3.02
Southwest,6/19/2017 22:00,107,0,888.8,381.4,3.37
Southwest,6/19/2017 23:00,107.3,0,703.6,383.1,3.67
Southwest,6/20/2017 0:00,106.7,0,486.9,383.3,3.99
Southwest,6/20/2017 1:00,105.2,0,306.2,382.6,4.35
Southwest,6/20/2017 2:00,100.2,0,89.7,380.6,3.91
Southwest,6/20/2017 3:00,93.9,0,1.8,374.1,3.48
Southwest,6/20/2017 4:00,90.7,0,0,369.5,2.81
Southwest,6/20/2017 5:00,88.1,0,0,365,2.33
Southwest,6/20/2017 6:00,85.9,0,0,361.1,2.06
Southwest,6/20/2017 7:00,84,0,0,357.9,1.98
Southwest,6/20/2017 8:00,82.2,0,0,354.6,1.62
Southwest,6/20/2017 9:00,80.3,0,0,350.9,1.42
Southwest,6/20/2017 10:00,79,0,0,348.4,1.54
Southwest,6/20/2017 11:00,77.9,0,0,346.4,1.85
Southwest,6/20/2017 12:00,76.6,0,0.5,343.9,2.28
Southwest,6/20/2017 13:00,78.7,0,111,342.5,2.45
Southwest,6/20/2017 14:00,84.2,0,291.2,346.4,2.44
Southwest,6/20/2017 15:00,90.3,0,522.5,354.6,2.24
Southwest,6/20/2017 16:00,94.9,0,722.7,363.3,2.09
Southwest,6/20/2017 17:00,99.1,0,871.1,369.9,2.16
Southwest,6/20/2017 18:00,102.5,0,995.1,377.7,2.22
Southwest,6/20/2017 19:00,105.5,0,1053.7,386.1,2.32
Southwest,6/20/2017 20:00,107.4,0,1048,390.4,2.45
Southwest,6/20/2017 21:00,108.6,0,970.5,395,2.48
Southwest,6/20/2017 22:00,108.9,0,814.3,398.5,2.66
Southwest,6/20/2017 23:00,108.7,0,673.2,399.1,2.91
Southwest,6/21/2017 0:00,107.7,0,473.4,398.2,3.05
Southwest,6/21/2017 1:00,105.9,0,256.7,396.5,3.25
Southwest,6/21/2017 2:00,101.7,0,96.2,393.9,2.8
Southwest,6/21/2017 3:00,94.9,0,2.3,385.8,2.77
Southwest,6/21/2017 4:00,91.4,0,0,377.8,2.42
Southwest,6/21/2017 5:00,88.8,0,0,373.7,1.92
Southwest,6/21/2017 6:00,86.8,0,0,369.1,2
Southwest,6/21/2017 7:00,84.9,0,0,366.1,2.14
Southwest,6/21/2017 8:00,83,0,0,364.1,1.95
Southwest,6/21/2017 9:00,81.6,0,0,359,1.65
Southwest,6/21/2017 10:00,79.6,0,0,355.8,1.29
Southwest,6/21/2017 11:00,78.5,0,0,352.7,1.74
Southwest,6/21/2017 12:00,77.3,0,0.2,350.5,2.17
Southwest,6/21/2017 13:00,79,0,97.3,347.5,2.23
Southwest,6/21/2017 14:00,84.4,0,309.2,354.1,2.05
Southwest,6/21/2017 15:00,89.4,0,472.8,362.1,2.19
Southwest,6/21/2017 16:00,93.5,0,664.9,371.7,2.21
Southwest,6/21/2017 17:00,97.1,0,833.3,377.9,2.37
Southwest,6/21/2017 18:00,100.1,0,943.8,381.9,2.63
Southwest,6/21/2017 19:00,103,0,1027.6,386.5,3
Southwest,6/21/2017 20:00,105.1,0,1041.2,389.1,3.37
Southwest,6/21/2017 21:00,106.5,0,985.1,392.8,3.86
Southwest,6/21/2017 22:00,107.4,0,852.6,396.5,4.18
Southwest,6/21/2017 23:00,107.1,0,669.1,399,4.37
Southwest,6/22/2017 0:00,105.8,0,451.5,400.3,4.4
Southwest,6/22/2017 1:00,104.2,0,283.1,398.2,4.33
Southwest,6/22/2017 2:00,99.6,0,81.7,393.4,3.97
Southwest,6/22/2017 3:00,93.5,0,1.6,383.4,3.63
Southwest,6/22/2017 4:00,90.3,0,0,377.2,3.58
Southwest,6/22/2017 5:00,87.7,0,0,371.8,3.73
Southwest,6/22/2017 6:00,85.2,0,0,367.7,3.58
Southwest,6/22/2017 7:00,83.2,0,0,364.9,2.88
Southwest,6/22/2017 8:00,81.5,0,0,359.1,2.39
Southwest,6/22/2017 9:00,79.8,0,0,355.4,1.99
Southwest,6/22/2017 10:00,78.7,0,0,353.1,1.99
Southwest,6/22/2017 11:00,77.4,0,0,350.5,2.23
Southwest,6/22/2017 12:00,76.2,0,1.1,347.8,2.28
Southwest,6/22/2017 13:00,77.3,0,78.7,345.9,2.38
Southwest,6/22/2017 14:00,83.2,0,296.5,349.8,2.44
Southwest,6/22/2017 15:00,88.2,0,526.1,356.8,3.13
Southwest,6/22/2017 16:00,91.8,0,692.7,361.9,3.82
Southwest,6/22/2017 17:00,95.1,0,871.7,368.4,4.39
Southwest,6/22/2017 18:00,98.2,0,999.6,374.8,4.9
Southwest,6/22/2017 19:00,100.7,0,1056.7,380.5,5.36
Southwest,6/22/2017 20:00,102.6,0,1054.2,384.4,5.74
Southwest,6/22/2017 21:00,103.9,0,987.3,388,5.98
Southwest,6/22/2017 22:00,104.4,0,857.5,390.3,6.13
Southwest,6/22/2017 23:00,104.3,0,711.5,391.1,6.24
Southwest,6/23/2017 0:00,103.3,0,498.1,390.5,6.32
Southwest,6/23/2017 1:00,100.9,0,269.8,388.1,6.44
Southwest,6/23/2017 2:00,97.1,0,102.4,383.5,5.86
Southwest,6/23/2017 3:00,90.5,0,2.3,374.4,4.57
Southwest,6/23/2017 4:00,86.9,0,0,366.3,4.11
Southwest,6/23/2017 5:00,84.4,0,0,362.1,3.7
Southwest,6/23/2017 6:00,82.4,0,0,358.2,3.56
Southwest,6/23/2017 7:00,80.3,0,0,354,3.36
Southwest,6/23/2017 8:00,78.6,0,0,349.4,2.73
Southwest,6/23/2017 9:00,76.9,0,0,346.6,1.97
Southwest,6/23/2017 10:00,75.6,0,0,344.1,1.57
Southwest,6/23/2017 11:00,74.4,0,0,341.9,1.8
Southwest,6/23/2017 12:00,73.6,0,0.2,340.5,2.13
Southwest,6/23/2017 13:00,75.2,0,96.9,338.8,2.2
Southwest,6/23/2017 14:00,81.1,0,318.4,343.9,1.91
Southwest,6/23/2017 15:00,86.4,0,498.7,350.1,1.95
Southwest,6/23/2017 16:00,90.9,0,718.4,357.1,2.16
Southwest,6/23/2017 17:00,94.1,0,887.4,363.6,2.69
Southwest,6/23/2017 18:00,97.1,0,989.8,368.5,3.38
Southwest,6/23/2017 19:00,100,0,1056.6,374.3,4.05
Southwest,6/23/2017 20:00,102.2,0,1055,379.1,4.55
Southwest,6/23/2017 21:00,103.8,0,1002.4,381.8,4.97
Southwest,6/23/2017 22:00,104.6,0,875.7,384.6,5.49
Southwest,6/23/2017 23:00,104.6,0,697.8,385.4,5.93
Southwest,1/2/2019 0:00,38.5,0,48.6,235.2,2.74
Southwest,1/2/2019 1:00,35.6,0,0,233,2.6
Southwest,1/2/2019 2:00,34,0,0,230.6,3.13
Southwest,1/2/2019 3:00,33,0,0,228.7,3.55
Southwest,1/2/2019 4:00,31.6,0,0,227,3.7
Southwest,1/2/2019 5:00,30.5,0,0,225,3.77
Southwest,1/2/2019 6:00,29.7,0,0,221.9,3.67
Southwest,1/2/2019 7:00,28.7,0,0,219.2,3.51
Southwest,1/2/2019 8:00,28.1,0,0,217.4,3.58
Southwest,1/2/2019 9:00,27.5,0,0,216.3,3.5
Southwest,1/2/2019 10:00,27.1,0,0,216.1,3.58
Southwest,1/2/2019 11:00,26.9,0,0,216.9,3.64
Southwest,1/2/2019 12:00,26.6,0,0,217.6,3.63
Southwest,1/2/2019 13:00,26.2,0,0,217.1,3.46
Southwest,1/2/2019 14:00,25.8,0,0,217.2,3.28
Southwest,1/2/2019 15:00,26.7,0,60.8,217.9,3.23
Southwest,1/2/2019 16:00,30.6,0,256,219.1,3.33
Southwest,1/2/2019 17:00,34.5,0,402.9,221.9,3.74
Southwest,1/2/2019 18:00,37.6,0,528.7,227.6,3.73
Southwest,1/2/2019 19:00,40.1,0,604.6,231.5,3.62
Southwest,1/2/2019 20:00,41.9,0,605.2,234.5,3.53
Southwest,1/2/2019 21:00,43.1,0,538.7,237.2,3.33
Southwest,1/2/2019 22:00,43.4,0,409.9,237.3,3.04
Southwest,1/2/2019 23:00,42.8,0,262.5,238.6,2.72
Southwest,7/12/2020 0:00,105.7,0,473.6,413.5,4.91
Southwest,7/12/2020 1:00,103.9,0,253.1,412.8,5.19
Southwest,7/12/2020 2:00,100.3,0,81.3,410.8,4.8
Southwest,7/12/2020 3:00,94.3,0,1.7,403.2,4.05
Southwest,7/12/2020 4:00,91.3,0,0,397.2,3.7
Southwest,7/12/2020 5:00,89.1,0,0,394.9,3.54
Southwest,7/12/2020 6:00,87.4,0,0,392.4,3.66
Southwest,7/12/2020 7:00,85.5,0,0,389.4,3.44
Southwest,7/12/2020 8:00,83.8,0,0,386,2.98
Southwest,7/12/2020 9:00,82.3,0,0,385.1,2.43
Southwest,7/12/2020 10:00,81.3,0,0,386,2.16
Southwest,7/12/2020 11:00,80.4,0,0,385,1.74
Southwest,7/12/2020 12:00,79.4,0,0,382.1,1.53
Southwest,7/12/2020 13:00,80.2,0,62.5,380.4,1.56
Southwest,7/12/2020 14:00,84.6,0,197.9,383.6,1.68
Southwest,7/12/2020 15:00,89.2,0,382.5,392.4,1.84
Southwest,7/12/2020 16:00,93.3,0,585.1,398.7,1.95
Southwest,7/12/2020 17:00,96.3,0,716.1,407,2.15
Southwest,7/12/2020 18:00,99.3,0,785.2,413,2.29
Southwest,7/12/2020 19:00,102.1,0,832.2,419.5,2.3
Southwest,7/12/2020 20:00,104.3,0,868.6,422.1,2.74
Southwest,7/12/2020 21:00,105.7,0,830.5,424.3,3.59
Southwest,7/12/2020 22:00,106.2,0,732.8,424.7,3.8
Southwest,7/12/2020 23:00,106.1,0,600.9,422.9,3.86
Southwest,7/31/2020 0:00,106.1,0,497.4,397.2,5.24
Southwest,7/31/2020 1:00,104.4,0,262.3,395.9,5.59
Southwest,7/31/2020 2:00,99.2,0,42,392.1,4.67
Southwest,7/31/2020 3:00,93.8,0,1.2,385.4,4.06
Southwest,7/31/2020 4:00,90.5,0,0,379.1,3.65
Southwest,7/31/2020 5:00,87.7,0,0,373.9,3.13
Southwest,7/31/2020 6:00,85.6,0,0,370.6,2.97
Southwest,7/31/2020 7:00,83.6,0,0,366.8,2.9
Southwest,7/31/2020 8:00,81.8,0,0,363.3,2.75
Southwest,7/31/2020 9:00,80.1,0,0,361,2.58
Southwest,7/31/2020 10:00,78.6,0,0,358.2,2.38
Southwest,7/31/2020 11:00,77.3,0,0,356.2,2.15
Southwest,7/31/2020 12:00,76.3,0,0,354.3,2.08
Southwest,7/31/2020 13:00,76.2,0,26,352.6,2.12
Southwest,7/31/2020 14:00,80.7,0,230.8,354.8,2.32
Southwest,7/31/2020 15:00,85.9,0,465.1,362.2,2.99
Southwest,7/31/2020 16:00,89.8,0,643.8,368,3.38
Southwest,7/31/2020 17:00,93.3,0,829.4,375.4,3.45
Southwest,7/31/2020 18:00,96.8,0,960,382.7,3.51
Southwest,7/31/2020 19:00,99.8,0,1015.9,388.3,3.65
Southwest,7/31/2020 20:00,102.3,0,1021.7,394.4,3.72
Southwest,7/31/2020 21:00,104.2,0,957,399,3.72
Southwest,7/31/2020 22:00,105.4,0,856.6,401.9,3.46
Southwest,7/31/2020 23:00,105.6,0,674,404.2,3.11
Southwest,6/14/2021 0:00,103.3,0,473.8,369.5,5.46
Southwest,6/14/2021 1:00,101.4,0,299.7,368.3,5.6
Southwest,6/14/2021 2:00,96,0,85.2,365.4,4.5
Southwest,6/14/2021 3:00,88.9,0,1.4,359.1,3.73
Southwest,6/14/2021 4:00,85.6,0,0,353.7,3.14
Southwest,6/14/2021 5:00,83.3,0,0,349.2,2.77
Southwest,6/14/2021 6:00,81.6,0,0,345.3,2.36
Southwest,6/14/2021 7:00,79.9,0,0,342.7,1.8
Southwest,6/14/2021 8:00,77.9,0,0,339.7,1.37
Southwest,6/14/2021 9:00,76.3,0,0,336.7,1.46
Southwest,6/14/2021 10:00,75,0,0,333.9,1.58
Southwest,6/14/2021 11:00,73.9,0,0,332.4,1.69
Southwest,6/14/2021 12:00,72.9,0,0.6,330.7,1.98
Southwest,6/14/2021 13:00,75.3,0,116.6,330.2,2.11
Southwest,6/14/2021 14:00,81.1,0,298.3,334.4,1.9
Southwest,6/14/2021 15:00,87.1,0,529.9,342.7,1.92
Southwest,6/14/2021 16:00,91.8,0,741.1,350.4,2.13
Southwest,6/14/2021 17:00,95.3,0,881.8,356.5,2.46
Southwest,6/14/2021 18:00,98.4,0,1006.8,363.6,2.8
Southwest,6/14/2021 19:00,101.2,0,1065.1,369.9,3.16
Southwest,6/14/2021 20:00,103.4,0,1061.2,374.4,3.38
Southwest,6/14/2021 21:00,105,0,992,379,3.55
Southwest,6/14/2021 22:00,105.9,0,858.3,382.4,3.77
Southwest,6/14/2021 23:00,106.1,0,716.8,384,4.14
Southwest,6/15/2021 0:00,105.4,0,502.8,384.8,4.44
Southwest,6/15/2021 1:00,103.7,0,265.5,384.7,4.71
Southwest,6/15/2021 2:00,98.5,0,65.1,381.8,4.28
Southwest,6/15/2021 3:00,92.3,0,2.2,376.7,3.96
Southwest,6/15/2021 4:00,88.7,0,0,372.1,3.12
Southwest,6/15/2021 5:00,86.2,0,0,368.5,2.36
Southwest,6/15/2021 6:00,84.3,0,0,366.4,2.1
Southwest,6/15/2021 7:00,82.5,0,0,361.8,2.11
Southwest,6/15/2021 8:00,81,0,0,357.7,2.04
Southwest,6/15/2021 9:00,79.6,0,0,353.5,2.11
Southwest,6/15/2021 10:00,77.6,0,0,348.2,1.83
Southwest,6/15/2021 11:00,76.3,0,0,343.9,1.79
Southwest,6/15/2021 12:00,75.2,0,0.1,340.9,2.14
Southwest,6/15/2021 13:00,77.1,0,95.4,338.7,2.12
Southwest,6/15/2021 14:00,83.2,0,315.8,343.5,1.94
Southwest,6/15/2021 15:00,88.8,0,497.2,349.9,2.16
Southwest,6/15/2021 16:00,93.3,0,719.2,356.6,2.2
Southwest,6/15/2021 17:00,97.6,0,889.9,363.8,2.24
Southwest,6/15/2021 18:00,100.7,0,999.5,369.9,2.29
Southwest,6/15/2021 19:00,103.4,0,1062.5,376.2,2.31
Southwest,6/15/2021 20:00,105.4,0,1057.5,381.3,2.34
Southwest,6/15/2021 21:00,106.9,0,999.9,384.8,2.44
Southwest,6/15/2021 22:00,107.7,0,872,388.1,2.72
Southwest,6/15/2021 23:00,107.6,0,678.6,390.3,3.24
Southwest,6/16/2021 0:00,106.6,0,457.3,391.4,3.86
Southwest,6/16/2021 1:00,104.9,0,275.8,390.9,4.32
Southwest,6/16/2021 2:00,99.6,0,74.7,388.8,3.91
Southwest,6/16/2021 3:00,93.5,0,1.6,382.7,3.22
Southwest,6/16/2021 4:00,89.2,0,0,377.5,2.87
Southwest,6/16/2021 5:00,86.5,0,0,373.8,2.83
Southwest,6/16/2021 6:00,84.4,0,0,368.2,2.8
Southwest,6/16/2021 7:00,82.6,0,0,365.6,2.62
Southwest,6/16/2021 8:00,80.9,0,0,361.5,2.39
Southwest,6/16/2021 9:00,79.3,0,0,356.7,2.19
Southwest,6/16/2021 10:00,78.1,0,0,354.2,2.05
Southwest,6/16/2021 11:00,77,0,0,351.7,1.93
Southwest,6/16/2021 12:00,75.9,0,1,349.9,1.95
Southwest,6/16/2021 13:00,77.5,0,81.3,349,1.87
Southwest,6/16/2021 14:00,84.1,0,297.4,354.3,1.58
Southwest,6/16/2021 15:00,89.6,0,525.9,362.9,1.47
Southwest,6/16/2021 16:00,93.9,0,734.1,370,1.7
Southwest,6/16/2021 17:00,97.1,0,868.5,376,1.96
Southwest,6/16/2021 18:00,99.8,0,990.5,382.6,2.29
Southwest,6/16/2021 19:00,102.1,0,1045.9,388.6,2.61
Southwest,6/16/2021 20:00,103.9,0,1038.5,392.5,2.81
Southwest,6/16/2021 21:00,105.2,0,959.5,396.9,3.02
Southwest,6/16/2021 22:00,105.9,0,815.6,400.6,3.09
Southwest,6/16/2021 23:00,105.9,0,663.1,403.4,2.94
Southwest,6/17/2021 0:00,105,0,443,405.4,2.81
Southwest,6/17/2021 1:00,103.3,0,240,404.4,2.65
Southwest,6/17/2021 2:00,99.7,0,84,402.9,2.51
Southwest,6/17/2021 3:00,93.8,0,2.2,396.6,2.77
Southwest,6/17/2021 4:00,90.5,0,0,387.9,2.82
Southwest,6/17/2021 5:00,88.2,0,0,382.7,2.47
Southwest,6/17/2021 6:00,86.1,0,0,378.2,2.55
Southwest,6/17/2021 7:00,84.3,0,0,373.5,2.42
Southwest,6/17/2021 8:00,82.9,0,0,372,2.37
Southwest,6/17/2021 9:00,81.4,0,0,369.7,2.53
Southwest,6/17/2021 10:00,80,0,0,366.9,2.71
Southwest,6/17/2021 11:00,79,0,0,368.7,2.37
Southwest,6/17/2021 12:00,78.7,0,0.2,365.7,1.74
Southwest,6/17/2021 13:00,80.5,0,94.5,359.5,1.69
Southwest,6/17/2021 14:00,86.3,0,313.2,362,1.57
Southwest,6/17/2021 15:00,91.8,0,490.3,368.8,2.48
Southwest,6/17/2021 16:00,95.9,0,701.4,376.8,3.15
Southwest,6/17/2021 17:00,99,0,844.8,385.8,3.51
Southwest,6/17/2021 18:00,101.5,0,930.9,391,3.73
Southwest,6/17/2021 19:00,103.8,0,1027,392.9,4.11
Southwest,6/17/2021 20:00,105.4,0,1021.4,396.4,4.4
Southwest,6/17/2021 21:00,106.5,0,961.2,399.2,4.49
Southwest,6/17/2021 22:00,107.1,0,832.5,401.5,4.2
Southwest,6/17/2021 23:00,106.7,0,657.4,402.3,3.91
Southwest,6/18/2021 0:00,105.6,0,449.4,401.9,3.81
Southwest,6/18/2021 1:00,103.9,0,272.8,400.3,3.77
Southwest,6/18/2021 2:00,99.3,0,76,395.8,3.55
Southwest,6/18/2021 3:00,93.2,0,1.6,387.2,3.44
Southwest,6/18/2021 4:00,90,0,0,382.1,3.43
Southwest,6/18/2021 5:00,87.6,0,0,376.9,3.44
Southwest,6/18/2021 6:00,85.4,0,0,372.6,2.75
Southwest,6/18/2021 7:00,83.7,0,0,369.8,2.43
Southwest,6/18/2021 8:00,82,0,0,366.6,2.68
Southwest,6/18/2021 9:00,80.5,0,0,363.2,2.67
Southwest,6/18/2021 10:00,79.1,0,0,361.8,2.63
Southwest,6/18/2021 11:00,78,0,0,358.6,2.49
Southwest,6/18/2021 12:00,76.8,0,0.9,356.6,2.4
Southwest,6/18/2021 13:00,78.5,0,76.8,355.7,2.66
Southwest,6/18/2021 14:00,84.8,0,285.9,360.2,2.67
Southwest,6/18/2021 15:00,90.9,0,513.7,368,2.99
Southwest,6/18/2021 16:00,94.8,0,678.7,373.3,3.25
Southwest,6/18/2021 17:00,98,0,858.4,379.4,3.56
Southwest,6/18/2021 18:00,100.6,0,975.7,385,3.9
Southwest,6/18/2021 19:00,102.8,0,1027.5,389.8,4.31
Southwest,6/18/2021 20:00,104.3,0,1019.3,393.4,4.71
Southwest,6/18/2021 21:00,105.5,0,942.4,397.5,5.01
Southwest,6/18/2021 22:00,105.8,0,810.1,400,5.17
Southwest,6/18/2021 23:00,105.6,0,666.4,400.9,5.34
